[{"model": "admin.logentry", "pk": 1, "fields": {"action_time": "2022-05-03T18:23:20.210Z", "user": "am22001", "content_type": 30, "object_id": "4", "object_repr": "Paciente object (4)", "action_flag": 1, "change_message": "[{\"added\": {}}]"}}, {"model": "admin.logentry", "pk": 2, "fields": {"action_time": "2022-05-03T18:24:10.493Z", "user": "am22001", "content_type": 30, "object_id": "5", "object_repr": "Paciente object (5)", "action_flag": 1, "change_message": "[{\"added\": {}}]"}}, {"model": "admin.logentry", "pk": 3, "fields": {"action_time": "2022-05-03T18:26:09.199Z", "user": "am22001", "content_type": 30, "object_id": "6", "object_repr": "Paciente object (6)", "action_flag": 1, "change_message": "[{\"added\": {}}]"}}, {"model": "admin.logentry", "pk": 4, "fields": {"action_time": "2022-05-05T01:20:05.884Z", "user": "im22001", "content_type": 30, "object_id": "7", "object_repr": "Paciente object (7)", "action_flag": 1, "change_message": "[{\"added\": {}}]"}}, {"model": "admin.logentry", "pk": 5, "fields": {"action_time": "2022-05-06T10:49:39.506Z", "user": "im22001", "content_type": 21, "object_id": "3", "object_repr": "ContieneConsulta object (3)", "action_flag": 1, "change_message": "[{\"added\": {}}]"}}, {"model": "admin.logentry", "pk": 6, "fields": {"action_time": "2022-05-06T10:54:04.141Z", "user": "im22001", "content_type": 23, "object_id": "3", "object_repr": "Expediente object (3)", "action_flag": 1, "change_message": "[{\"added\": {}}]"}}, {"model": "admin.logentry", "pk": 7, "fields": {"action_time": "2022-05-06T11:18:32.859Z", "user": "im22001", "content_type": 21, "object_id": "3", "object_repr": "ContieneConsulta object (3)", "action_flag": 2, "change_message": "[]"}}, {"model": "admin.logentry", "pk": 8, "fields": {"action_time": "2022-05-06T11:19:51.642Z", "user": "im22001", "content_type": 21, "object_id": "1", "object_repr": "ContieneConsulta object (1)", "action_flag": 2, "change_message": "[{\"changed\": {\"fields\": [\"Estado cola medica\", \"Fase cola medica\"]}}]"}}, {"model": "admin.logentry", "pk": 9, "fields": {"action_time": "2022-05-06T11:26:24.752Z", "user": "im22001", "content_type": 21, "object_id": "3", "object_repr": "ContieneConsulta object (3)", "action_flag": 3, "change_message": ""}}, {"model": "admin.logentry", "pk": 10, "fields": {"action_time": "2022-05-06T11:29:48.660Z", "user": "im22001", "content_type": 23, "object_id": "1", "object_repr": "Expediente object (1)", "action_flag": 2, "change_message": "[{\"changed\": {\"fields\": [\"Id paciente\"]}}]"}}, {"model": "admin.logentry", "pk": 11, "fields": {"action_time": "2022-05-06T11:30:09.446Z", "user": "im22001", "content_type": 23, "object_id": "3", "object_repr": "Expediente object (3)", "action_flag": 2, "change_message": "[{\"changed\": {\"fields\": [\"Id paciente\"]}}]"}}, {"model": "admin.logentry", "pk": 12, "fields": {"action_time": "2022-05-06T11:44:13.142Z", "user": "im22001", "content_type": 21, "object_id": "9", "object_repr": "ContieneConsulta object (9)", "action_flag": 3, "change_message": ""}}, {"model": "admin.logentry", "pk": 13, "fields": {"action_time": "2022-05-07T06:01:36.720Z", "user": "im22001", "content_type": 23, "object_id": "5", "object_repr": "Expediente object (5)", "action_flag": 1, "change_message": "[{\"added\": {}}]"}}, {"model": "admin.logentry", "pk": 14, "fields": {"action_time": "2022-05-08T04:20:25.292Z", "user": "im22001", "content_type": 23, "object_id": "6", "object_repr": "6 - Ronaldo", "action_flag": 1, "change_message": "[{\"added\": {}}]"}}, {"model": "admin.logentry", "pk": 15, "fields": {"action_time": "2022-05-10T03:15:49.367Z", "user": "im22001", "content_type": 40, "object_id": "1", "object_repr": "Secretaria", "action_flag": 1, "change_message": "[{\"added\": {}}]"}}, {"model": "admin.logentry", "pk": 16, "fields": {"action_time": "2022-05-10T03:16:04.217Z", "user": "im22001", "content_type": 40, "object_id": "2", "object_repr": "Doctor", "action_flag": 1, "change_message": "[{\"added\": {}}]"}}, {"model": "admin.logentry", "pk": 17, "fields": {"action_time": "2022-05-10T03:16:47.116Z", "user": "im22001", "content_type": 40, "object_id": "3", "object_repr": "Laboratorio", "action_flag": 1, "change_message": "[{\"added\": {}}]"}}, {"model": "admin.logentry", "pk": 18, "fields": {"action_time": "2022-05-10T04:26:18.431Z", "user": "am22001", "content_type": 21, "object_id": "68", "object_repr": "ContieneConsulta object (68)", "action_flag": 2, "change_message": "[{\"changed\": {\"fields\": [\"Fase cola medica\"]}}]"}}, {"model": "admin.logentry", "pk": 19, "fields": {"action_time": "2022-05-10T04:26:32.912Z", "user": "am22001", "content_type": 21, "object_id": "67", "object_repr": "ContieneConsulta object (67)", "action_flag": 2, "change_message": "[{\"changed\": {\"fields\": [\"Fase cola medica\"]}}]"}}, {"model": "admin.logentry", "pk": 20, "fields": {"action_time": "2022-05-10T04:28:51.144Z", "user": "am22001", "content_type": 21, "object_id": "67", "object_repr": "ContieneConsulta object (67)", "action_flag": 2, "change_message": "[]"}}, {"model": "admin.logentry", "pk": 21, "fields": {"action_time": "2022-05-10T04:29:28.925Z", "user": "am22001", "content_type": 21, "object_id": "67", "object_repr": "ContieneConsulta object (67)", "action_flag": 2, "change_message": "[{\"changed\": {\"fields\": [\"Fase cola medica\"]}}]"}}, {"model": "admin.logentry", "pk": 22, "fields": {"action_time": "2022-05-10T04:30:10.246Z", "user": "am22001", "content_type": 21, "object_id": "68", "object_repr": "ContieneConsulta object (68)", "action_flag": 2, "change_message": "[]"}}, {"model": "admin.logentry", "pk": 23, "fields": {"action_time": "2022-05-10T04:30:45.893Z", "user": "am22001", "content_type": 21, "object_id": "66", "object_repr": "ContieneConsulta object (66)", "action_flag": 2, "change_message": "[]"}}, {"model": "admin.logentry", "pk": 24, "fields": {"action_time": "2022-05-10T04:30:55.797Z", "user": "am22001", "content_type": 21, "object_id": "68", "object_repr": "ContieneConsulta object (68)", "action_flag": 2, "change_message": "[]"}}, {"model": "admin.logentry", "pk": 25, "fields": {"action_time": "2022-05-10T04:31:05.723Z", "user": "am22001", "content_type": 21, "object_id": "66", "object_repr": "ContieneConsulta object (66)", "action_flag": 2, "change_message": "[]"}}, {"model": "admin.logentry", "pk": 26, "fields": {"action_time": "2022-05-10T04:31:16.385Z", "user": "am22001", "content_type": 21, "object_id": "62", "object_repr": "ContieneConsulta object (62)", "action_flag": 2, "change_message": "[{\"changed\": {\"fields\": [\"Fecha de cola\"]}}]"}}, {"model": "admin.logentry", "pk": 27, "fields": {"action_time": "2022-05-10T05:00:50.416Z", "user": "am22001", "content_type": 30, "object_id": "16", "object_repr": "16 - Andrea Melissa", "action_flag": 1, "change_message": "[{\"added\": {}}]"}}, {"model": "admin.logentry", "pk": 28, "fields": {"action_time": "2022-05-10T05:01:18.875Z", "user": "am22001", "content_type": 23, "object_id": "7", "object_repr": "7 - Andrea Melissa", "action_flag": 1, "change_message": "[{\"added\": {}}]"}}, {"model": "admin.logentry", "pk": 29, "fields": {"action_time": "2022-05-10T05:20:07.723Z", "user": "am22001", "content_type": 27, "object_id": "13", "object_repr": "SignosVitales object (13)", "action_flag": 1, "change_message": "[{\"added\": {}}]"}}, {"model": "admin.logentry", "pk": 30, "fields": {"action_time": "2022-05-10T05:20:33.044Z", "user": "am22001", "content_type": 27, "object_id": "14", "object_repr": "SignosVitales object (14)", "action_flag": 1, "change_message": "[{\"added\": {}}]"}}, {"model": "admin.logentry", "pk": 31, "fields": {"action_time": "2022-05-10T05:28:26.439Z", "user": "am22001", "content_type": 40, "object_id": "3", "object_repr": "Laboratorio", "action_flag": 2, "change_message": "[]"}}, {"model": "admin.logentry", "pk": 32, "fields": {"action_time": "2022-05-10T05:28:51.231Z", "user": "am22001", "content_type": 40, "object_id": "4", "object_repr": "Enfermera", "action_flag": 1, "change_message": "[{\"added\": {}}]"}}, {"model": "admin.logentry", "pk": 35, "fields": {"action_time": "2022-05-10T05:55:42.573Z", "user": "im22001", "content_type": 23, "object_id": "8", "object_repr": "8 - ssa", "action_flag": 1, "change_message": "[{\"added\": {}}]"}}, {"model": "admin.logentry", "pk": 36, "fields": {"action_time": "2022-05-10T06:00:23.752Z", "user": "im22001", "content_type": 23, "object_id": "9", "object_repr": "9 - isai", "action_flag": 1, "change_message": "[{\"added\": {}}]"}}, {"model": "admin.logentry", "pk": 37, "fields": {"action_time": "2022-05-10T06:02:01.077Z", "user": "im22001", "content_type": 23, "object_id": "10", "object_repr": "10 - Ronald", "action_flag": 1, "change_message": "[{\"added\": {}}]"}}, {"model": "admin.logentry", "pk": 38, "fields": {"action_time": "2022-05-10T06:05:30.158Z", "user": "im22001", "content_type": 21, "object_id": "73", "object_repr": "ContieneConsulta object (73)", "action_flag": 3, "change_message": ""}}, {"model": "admin.logentry", "pk": 39, "fields": {"action_time": "2022-05-10T06:08:03.690Z", "user": "am22001", "content_type": 21, "object_id": "71", "object_repr": "ContieneConsulta object (71)", "action_flag": 2, "change_message": "[{\"changed\": {\"fields\": [\"Fase cola medica\"]}}]"}}, {"model": "admin.logentry", "pk": 40, "fields": {"action_time": "2022-05-10T06:08:18.205Z", "user": "am22001", "content_type": 21, "object_id": "70", "object_repr": "ContieneConsulta object (70)", "action_flag": 2, "change_message": "[{\"changed\": {\"fields\": [\"Fase cola medica\"]}}]"}}, {"model": "auth.permission", "pk": 1, "fields": {"name": "Can add log entry", "content_type": 1, "codename": "add_logentry"}}, {"model": "auth.permission", "pk": 2, "fields": {"name": "Can change log entry", "content_type": 1, "codename": "change_logentry"}}, {"model": "auth.permission", "pk": 3, "fields": {"name": "Can delete log entry", "content_type": 1, "codename": "delete_logentry"}}, {"model": "auth.permission", "pk": 4, "fields": {"name": "Can view log entry", "content_type": 1, "codename": "view_logentry"}}, {"model": "auth.permission", "pk": 5, "fields": {"name": "Can add permission", "content_type": 2, "codename": "add_permission"}}, {"model": "auth.permission", "pk": 6, "fields": {"name": "Can change permission", "content_type": 2, "codename": "change_permission"}}, {"model": "auth.permission", "pk": 7, "fields": {"name": "Can delete permission", "content_type": 2, "codename": "delete_permission"}}, {"model": "auth.permission", "pk": 8, "fields": {"name": "Can view permission", "content_type": 2, "codename": "view_permission"}}, {"model": "auth.permission", "pk": 9, "fields": {"name": "Can add group", "content_type": 3, "codename": "add_group"}}, {"model": "auth.permission", "pk": 10, "fields": {"name": "Can change group", "content_type": 3, "codename": "change_group"}}, {"model": "auth.permission", "pk": 11, "fields": {"name": "Can delete group", "content_type": 3, "codename": "delete_group"}}, {"model": "auth.permission", "pk": 12, "fields": {"name": "Can view group", "content_type": 3, "codename": "view_group"}}, {"model": "auth.permission", "pk": 13, "fields": {"name": "Can add content type", "content_type": 4, "codename": "add_contenttype"}}, {"model": "auth.permission", "pk": 14, "fields": {"name": "Can change content type", "content_type": 4, "codename": "change_contenttype"}}, {"model": "auth.permission", "pk": 15, "fields": {"name": "Can delete content type", "content_type": 4, "codename": "delete_contenttype"}}, {"model": "auth.permission", "pk": 16, "fields": {"name": "Can view content type", "content_type": 4, "codename": "view_contenttype"}}, {"model": "auth.permission", "pk": 17, "fields": {"name": "Can add session", "content_type": 5, "codename": "add_session"}}, {"model": "auth.permission", "pk": 18, "fields": {"name": "Can change session", "content_type": 5, "codename": "change_session"}}, {"model": "auth.permission", "pk": 19, "fields": {"name": "Can delete session", "content_type": 5, "codename": "delete_session"}}, {"model": "auth.permission", "pk": 20, "fields": {"name": "Can view session", "content_type": 5, "codename": "view_session"}}, {"model": "auth.permission", "pk": 21, "fields": {"name": "Can add empleado", "content_type": 6, "codename": "add_empleado"}}, {"model": "auth.permission", "pk": 22, "fields": {"name": "Can change empleado", "content_type": 6, "codename": "change_empleado"}}, {"model": "auth.permission", "pk": 23, "fields": {"name": "Can delete empleado", "content_type": 6, "codename": "delete_empleado"}}, {"model": "auth.permission", "pk": 24, "fields": {"name": "Can view empleado", "content_type": 6, "codename": "view_empleado"}}, {"model": "auth.permission", "pk": 25, "fields": {"name": "Can add clinica", "content_type": 7, "codename": "add_clinica"}}, {"model": "auth.permission", "pk": 26, "fields": {"name": "Can change clinica", "content_type": 7, "codename": "change_clinica"}}, {"model": "auth.permission", "pk": 27, "fields": {"name": "Can delete clinica", "content_type": 7, "codename": "delete_clinica"}}, {"model": "auth.permission", "pk": 28, "fields": {"name": "Can view clinica", "content_type": 7, "codename": "view_clinica"}}, {"model": "auth.permission", "pk": 29, "fields": {"name": "Can add laboratorio clinico", "content_type": 8, "codename": "add_laboratorioclinico"}}, {"model": "auth.permission", "pk": 30, "fields": {"name": "Can change laboratorio clinico", "content_type": 8, "codename": "change_laboratorioclinico"}}, {"model": "auth.permission", "pk": 31, "fields": {"name": "Can delete laboratorio clinico", "content_type": 8, "codename": "delete_laboratorioclinico"}}, {"model": "auth.permission", "pk": 32, "fields": {"name": "Can view laboratorio clinico", "content_type": 8, "codename": "view_laboratorioclinico"}}, {"model": "auth.permission", "pk": 33, "fields": {"name": "Can add lic laboratorio clinico", "content_type": 9, "codename": "add_liclaboratorioclinico"}}, {"model": "auth.permission", "pk": 34, "fields": {"name": "Can change lic laboratorio clinico", "content_type": 9, "codename": "change_liclaboratorioclinico"}}, {"model": "auth.permission", "pk": 35, "fields": {"name": "Can delete lic laboratorio clinico", "content_type": 9, "codename": "delete_liclaboratorioclinico"}}, {"model": "auth.permission", "pk": 36, "fields": {"name": "Can view lic laboratorio clinico", "content_type": 9, "codename": "view_liclaboratorioclinico"}}, {"model": "auth.permission", "pk": 37, "fields": {"name": "Can add permiso", "content_type": 10, "codename": "add_permiso"}}, {"model": "auth.permission", "pk": 38, "fields": {"name": "Can change permiso", "content_type": 10, "codename": "change_permiso"}}, {"model": "auth.permission", "pk": 39, "fields": {"name": "Can delete permiso", "content_type": 10, "codename": "delete_permiso"}}, {"model": "auth.permission", "pk": 40, "fields": {"name": "Can view permiso", "content_type": 10, "codename": "view_permiso"}}, {"model": "auth.permission", "pk": 41, "fields": {"name": "Can add secretaria", "content_type": 11, "codename": "add_secretaria"}}, {"model": "auth.permission", "pk": 42, "fields": {"name": "Can change secretaria", "content_type": 11, "codename": "change_secretaria"}}, {"model": "auth.permission", "pk": 43, "fields": {"name": "Can delete secretaria", "content_type": 11, "codename": "delete_secretaria"}}, {"model": "auth.permission", "pk": 44, "fields": {"name": "Can view secretaria", "content_type": 11, "codename": "view_secretaria"}}, {"model": "auth.permission", "pk": 45, "fields": {"name": "Can add permiso empleado", "content_type": 12, "codename": "add_permisoempleado"}}, {"model": "auth.permission", "pk": 46, "fields": {"name": "Can change permiso empleado", "content_type": 12, "codename": "change_permisoempleado"}}, {"model": "auth.permission", "pk": 47, "fields": {"name": "Can delete permiso empleado", "content_type": 12, "codename": "delete_permisoempleado"}}, {"model": "auth.permission", "pk": 48, "fields": {"name": "Can view permiso empleado", "content_type": 12, "codename": "view_permisoempleado"}}, {"model": "auth.permission", "pk": 49, "fields": {"name": "Can add jefe recursos humanos", "content_type": 13, "codename": "add_jeferecursoshumanos"}}, {"model": "auth.permission", "pk": 50, "fields": {"name": "Can change jefe recursos humanos", "content_type": 13, "codename": "change_jeferecursoshumanos"}}, {"model": "auth.permission", "pk": 51, "fields": {"name": "Can delete jefe recursos humanos", "content_type": 13, "codename": "delete_jeferecursoshumanos"}}, {"model": "auth.permission", "pk": 52, "fields": {"name": "Can view jefe recursos humanos", "content_type": 13, "codename": "view_jeferecursoshumanos"}}, {"model": "auth.permission", "pk": 53, "fields": {"name": "Can add jefe marketing", "content_type": 14, "codename": "add_jefemarketing"}}, {"model": "auth.permission", "pk": 54, "fields": {"name": "Can change jefe marketing", "content_type": 14, "codename": "change_jefemarketing"}}, {"model": "auth.permission", "pk": 55, "fields": {"name": "Can delete jefe marketing", "content_type": 14, "codename": "delete_jefemarketing"}}, {"model": "auth.permission", "pk": 56, "fields": {"name": "Can view jefe marketing", "content_type": 14, "codename": "view_jefemarketing"}}, {"model": "auth.permission", "pk": 57, "fields": {"name": "Can add jefe finanzas", "content_type": 15, "codename": "add_jefefinanzas"}}, {"model": "auth.permission", "pk": 58, "fields": {"name": "Can change jefe finanzas", "content_type": 15, "codename": "change_jefefinanzas"}}, {"model": "auth.permission", "pk": 59, "fields": {"name": "Can delete jefe finanzas", "content_type": 15, "codename": "delete_jefefinanzas"}}, {"model": "auth.permission", "pk": 60, "fields": {"name": "Can view jefe finanzas", "content_type": 15, "codename": "view_jefefinanzas"}}, {"model": "auth.permission", "pk": 61, "fields": {"name": "Can add enfermera", "content_type": 16, "codename": "add_enfermera"}}, {"model": "auth.permission", "pk": 62, "fields": {"name": "Can change enfermera", "content_type": 16, "codename": "change_enfermera"}}, {"model": "auth.permission", "pk": 63, "fields": {"name": "Can delete enfermera", "content_type": 16, "codename": "delete_enfermera"}}, {"model": "auth.permission", "pk": 64, "fields": {"name": "Can view enfermera", "content_type": 16, "codename": "view_enfermera"}}, {"model": "auth.permission", "pk": 65, "fields": {"name": "Can add doctor", "content_type": 17, "codename": "add_doctor"}}, {"model": "auth.permission", "pk": 66, "fields": {"name": "Can change doctor", "content_type": 17, "codename": "change_doctor"}}, {"model": "auth.permission", "pk": 67, "fields": {"name": "Can delete doctor", "content_type": 17, "codename": "delete_doctor"}}, {"model": "auth.permission", "pk": 68, "fields": {"name": "Can view doctor", "content_type": 17, "codename": "view_doctor"}}, {"model": "auth.permission", "pk": 69, "fields": {"name": "Can add brinda consulta", "content_type": 18, "codename": "add_brindaconsulta"}}, {"model": "auth.permission", "pk": 70, "fields": {"name": "Can change brinda consulta", "content_type": 18, "codename": "change_brindaconsulta"}}, {"model": "auth.permission", "pk": 71, "fields": {"name": "Can delete brinda consulta", "content_type": 18, "codename": "delete_brindaconsulta"}}, {"model": "auth.permission", "pk": 72, "fields": {"name": "Can view brinda consulta", "content_type": 18, "codename": "view_brindaconsulta"}}, {"model": "auth.permission", "pk": 73, "fields": {"name": "Can add constancia medica", "content_type": 19, "codename": "add_constanciamedica"}}, {"model": "auth.permission", "pk": 74, "fields": {"name": "Can change constancia medica", "content_type": 19, "codename": "change_constanciamedica"}}, {"model": "auth.permission", "pk": 75, "fields": {"name": "Can delete constancia medica", "content_type": 19, "codename": "delete_constanciamedica"}}, {"model": "auth.permission", "pk": 76, "fields": {"name": "Can view constancia medica", "content_type": 19, "codename": "view_constanciamedica"}}, {"model": "auth.permission", "pk": 77, "fields": {"name": "Can add consulta", "content_type": 20, "codename": "add_consulta"}}, {"model": "auth.permission", "pk": 78, "fields": {"name": "Can change consulta", "content_type": 20, "codename": "change_consulta"}}, {"model": "auth.permission", "pk": 79, "fields": {"name": "Can delete consulta", "content_type": 20, "codename": "delete_consulta"}}, {"model": "auth.permission", "pk": 80, "fields": {"name": "Can view consulta", "content_type": 20, "codename": "view_consulta"}}, {"model": "auth.permission", "pk": 81, "fields": {"name": "Can add contiene consulta", "content_type": 21, "codename": "add_contieneconsulta"}}, {"model": "auth.permission", "pk": 82, "fields": {"name": "Can change contiene consulta", "content_type": 21, "codename": "change_contieneconsulta"}}, {"model": "auth.permission", "pk": 83, "fields": {"name": "Can delete contiene consulta", "content_type": 21, "codename": "delete_contieneconsulta"}}, {"model": "auth.permission", "pk": 84, "fields": {"name": "Can view contiene consulta", "content_type": 21, "codename": "view_contieneconsulta"}}, {"model": "auth.permission", "pk": 85, "fields": {"name": "Can add dosis", "content_type": 22, "codename": "add_dosis"}}, {"model": "auth.permission", "pk": 86, "fields": {"name": "Can change dosis", "content_type": 22, "codename": "change_dosis"}}, {"model": "auth.permission", "pk": 87, "fields": {"name": "Can delete dosis", "content_type": 22, "codename": "delete_dosis"}}, {"model": "auth.permission", "pk": 88, "fields": {"name": "Can view dosis", "content_type": 22, "codename": "view_dosis"}}, {"model": "auth.permission", "pk": 89, "fields": {"name": "Can add expediente", "content_type": 23, "codename": "add_expediente"}}, {"model": "auth.permission", "pk": 90, "fields": {"name": "Can change expediente", "content_type": 23, "codename": "change_expediente"}}, {"model": "auth.permission", "pk": 91, "fields": {"name": "Can delete expediente", "content_type": 23, "codename": "delete_expediente"}}, {"model": "auth.permission", "pk": 92, "fields": {"name": "Can view expediente", "content_type": 23, "codename": "view_expediente"}}, {"model": "auth.permission", "pk": 93, "fields": {"name": "Can add hospital", "content_type": 24, "codename": "add_hospital"}}, {"model": "auth.permission", "pk": 94, "fields": {"name": "Can change hospital", "content_type": 24, "codename": "change_hospital"}}, {"model": "auth.permission", "pk": 95, "fields": {"name": "Can delete hospital", "content_type": 24, "codename": "delete_hospital"}}, {"model": "auth.permission", "pk": 96, "fields": {"name": "Can view hospital", "content_type": 24, "codename": "view_hospital"}}, {"model": "auth.permission", "pk": 97, "fields": {"name": "Can add medicamento", "content_type": 25, "codename": "add_medicamento"}}, {"model": "auth.permission", "pk": 98, "fields": {"name": "Can change medicamento", "content_type": 25, "codename": "change_medicamento"}}, {"model": "auth.permission", "pk": 99, "fields": {"name": "Can delete medicamento", "content_type": 25, "codename": "delete_medicamento"}}, {"model": "auth.permission", "pk": 100, "fields": {"name": "Can view medicamento", "content_type": 25, "codename": "view_medicamento"}}, {"model": "auth.permission", "pk": 101, "fields": {"name": "Can add orden examen laboratorio", "content_type": 26, "codename": "add_ordenexamenlaboratorio"}}, {"model": "auth.permission", "pk": 102, "fields": {"name": "Can change orden examen laboratorio", "content_type": 26, "codename": "change_ordenexamenlaboratorio"}}, {"model": "auth.permission", "pk": 103, "fields": {"name": "Can delete orden examen laboratorio", "content_type": 26, "codename": "delete_ordenexamenlaboratorio"}}, {"model": "auth.permission", "pk": 104, "fields": {"name": "Can view orden examen laboratorio", "content_type": 26, "codename": "view_ordenexamenlaboratorio"}}, {"model": "auth.permission", "pk": 105, "fields": {"name": "Can add signos vitales", "content_type": 27, "codename": "add_signosvitales"}}, {"model": "auth.permission", "pk": 106, "fields": {"name": "Can change signos vitales", "content_type": 27, "codename": "change_signosvitales"}}, {"model": "auth.permission", "pk": 107, "fields": {"name": "Can delete signos vitales", "content_type": 27, "codename": "delete_signosvitales"}}, {"model": "auth.permission", "pk": 108, "fields": {"name": "Can view signos vitales", "content_type": 27, "codename": "view_signosvitales"}}, {"model": "auth.permission", "pk": 109, "fields": {"name": "Can add referencia medica", "content_type": 28, "codename": "add_referenciamedica"}}, {"model": "auth.permission", "pk": 110, "fields": {"name": "Can change referencia medica", "content_type": 28, "codename": "change_referenciamedica"}}, {"model": "auth.permission", "pk": 111, "fields": {"name": "Can delete referencia medica", "content_type": 28, "codename": "delete_referenciamedica"}}, {"model": "auth.permission", "pk": 112, "fields": {"name": "Can view referencia medica", "content_type": 28, "codename": "view_referenciamedica"}}, {"model": "auth.permission", "pk": 113, "fields": {"name": "Can add receta medica", "content_type": 29, "codename": "add_recetamedica"}}, {"model": "auth.permission", "pk": 114, "fields": {"name": "Can change receta medica", "content_type": 29, "codename": "change_recetamedica"}}, {"model": "auth.permission", "pk": 115, "fields": {"name": "Can delete receta medica", "content_type": 29, "codename": "delete_recetamedica"}}, {"model": "auth.permission", "pk": 116, "fields": {"name": "Can view receta medica", "content_type": 29, "codename": "view_recetamedica"}}, {"model": "auth.permission", "pk": 117, "fields": {"name": "Can add paciente", "content_type": 30, "codename": "add_paciente"}}, {"model": "auth.permission", "pk": 118, "fields": {"name": "Can change paciente", "content_type": 30, "codename": "change_paciente"}}, {"model": "auth.permission", "pk": 119, "fields": {"name": "Can delete paciente", "content_type": 30, "codename": "delete_paciente"}}, {"model": "auth.permission", "pk": 120, "fields": {"name": "Can view paciente", "content_type": 30, "codename": "view_paciente"}}, {"model": "auth.permission", "pk": 121, "fields": {"name": "Can add categoria", "content_type": 31, "codename": "add_categoria"}}, {"model": "auth.permission", "pk": 122, "fields": {"name": "Can change categoria", "content_type": 31, "codename": "change_categoria"}}, {"model": "auth.permission", "pk": 123, "fields": {"name": "Can delete categoria", "content_type": 31, "codename": "delete_categoria"}}, {"model": "auth.permission", "pk": 124, "fields": {"name": "Can view categoria", "content_type": 31, "codename": "view_categoria"}}, {"model": "auth.permission", "pk": 125, "fields": {"name": "Can add categoria examen", "content_type": 32, "codename": "add_categoriaexamen"}}, {"model": "auth.permission", "pk": 126, "fields": {"name": "Can change categoria examen", "content_type": 32, "codename": "change_categoriaexamen"}}, {"model": "auth.permission", "pk": 127, "fields": {"name": "Can delete categoria examen", "content_type": 32, "codename": "delete_categoriaexamen"}}, {"model": "auth.permission", "pk": 128, "fields": {"name": "Can view categoria examen", "content_type": 32, "codename": "view_categoriaexamen"}}, {"model": "auth.permission", "pk": 129, "fields": {"name": "Can add contiene valor", "content_type": 33, "codename": "add_contienevalor"}}, {"model": "auth.permission", "pk": 130, "fields": {"name": "Can change contiene valor", "content_type": 33, "codename": "change_contienevalor"}}, {"model": "auth.permission", "pk": 131, "fields": {"name": "Can delete contiene valor", "content_type": 33, "codename": "delete_contienevalor"}}, {"model": "auth.permission", "pk": 132, "fields": {"name": "Can view contiene valor", "content_type": 33, "codename": "view_contienevalor"}}, {"model": "auth.permission", "pk": 133, "fields": {"name": "Can add examen laboratorio", "content_type": 34, "codename": "add_examenlaboratorio"}}, {"model": "auth.permission", "pk": 134, "fields": {"name": "Can change examen laboratorio", "content_type": 34, "codename": "change_examenlaboratorio"}}, {"model": "auth.permission", "pk": 135, "fields": {"name": "Can delete examen laboratorio", "content_type": 34, "codename": "delete_examenlaboratorio"}}, {"model": "auth.permission", "pk": 136, "fields": {"name": "Can view examen laboratorio", "content_type": 34, "codename": "view_examenlaboratorio"}}, {"model": "auth.permission", "pk": 137, "fields": {"name": "Can add parametro", "content_type": 35, "codename": "add_parametro"}}, {"model": "auth.permission", "pk": 138, "fields": {"name": "Can change parametro", "content_type": 35, "codename": "change_parametro"}}, {"model": "auth.permission", "pk": 139, "fields": {"name": "Can delete parametro", "content_type": 35, "codename": "delete_parametro"}}, {"model": "auth.permission", "pk": 140, "fields": {"name": "Can view parametro", "content_type": 35, "codename": "view_parametro"}}, {"model": "auth.permission", "pk": 141, "fields": {"name": "Can add servicio de laboratorio clinico", "content_type": 36, "codename": "add_serviciodelaboratorioclinico"}}, {"model": "auth.permission", "pk": 142, "fields": {"name": "Can change servicio de laboratorio clinico", "content_type": 36, "codename": "change_serviciodelaboratorioclinico"}}, {"model": "auth.permission", "pk": 143, "fields": {"name": "Can delete servicio de laboratorio clinico", "content_type": 36, "codename": "delete_serviciodelaboratorioclinico"}}, {"model": "auth.permission", "pk": 144, "fields": {"name": "Can view servicio de laboratorio clinico", "content_type": 36, "codename": "view_serviciodelaboratorioclinico"}}, {"model": "auth.permission", "pk": 145, "fields": {"name": "Can add resultado", "content_type": 37, "codename": "add_resultado"}}, {"model": "auth.permission", "pk": 146, "fields": {"name": "Can change resultado", "content_type": 37, "codename": "change_resultado"}}, {"model": "auth.permission", "pk": 147, "fields": {"name": "Can delete resultado", "content_type": 37, "codename": "delete_resultado"}}, {"model": "auth.permission", "pk": 148, "fields": {"name": "Can view resultado", "content_type": 37, "codename": "view_resultado"}}, {"model": "auth.permission", "pk": 149, "fields": {"name": "Can add espera examen", "content_type": 38, "codename": "add_esperaexamen"}}, {"model": "auth.permission", "pk": 150, "fields": {"name": "Can change espera examen", "content_type": 38, "codename": "change_esperaexamen"}}, {"model": "auth.permission", "pk": 151, "fields": {"name": "Can delete espera examen", "content_type": 38, "codename": "delete_esperaexamen"}}, {"model": "auth.permission", "pk": 152, "fields": {"name": "Can view espera examen", "content_type": 38, "codename": "view_esperaexamen"}}, {"model": "auth.permission", "pk": 153, "fields": {"name": "Can add venta", "content_type": 39, "codename": "add_venta"}}, {"model": "auth.permission", "pk": 154, "fields": {"name": "Can change venta", "content_type": 39, "codename": "change_venta"}}, {"model": "auth.permission", "pk": 155, "fields": {"name": "Can delete venta", "content_type": 39, "codename": "delete_venta"}}, {"model": "auth.permission", "pk": 156, "fields": {"name": "Can view venta", "content_type": 39, "codename": "view_venta"}}, {"model": "auth.permission", "pk": 157, "fields": {"name": "Can add rol", "content_type": 40, "codename": "add_rol"}}, {"model": "auth.permission", "pk": 158, "fields": {"name": "Can change rol", "content_type": 40, "codename": "change_rol"}}, {"model": "auth.permission", "pk": 159, "fields": {"name": "Can delete rol", "content_type": 40, "codename": "delete_rol"}}, {"model": "auth.permission", "pk": 160, "fields": {"name": "Can view rol", "content_type": 40, "codename": "view_rol"}}, {"model": "contenttypes.contenttype", "pk": 1, "fields": {"app_label": "admin", "model": "logentry"}}, {"model": "contenttypes.contenttype", "pk": 2, "fields": {"app_label": "auth", "model": "permission"}}, {"model": "contenttypes.contenttype", "pk": 3, "fields": {"app_label": "auth", "model": "group"}}, {"model": "contenttypes.contenttype", "pk": 4, "fields": {"app_label": "contenttypes", "model": "contenttype"}}, {"model": "contenttypes.contenttype", "pk": 5, "fields": {"app_label": "sessions", "model": "session"}}, {"model": "contenttypes.contenttype", "pk": 6, "fields": {"app_label": "modulo_control", "model": "empleado"}}, {"model": "contenttypes.contenttype", "pk": 7, "fields": {"app_label": "modulo_control", "model": "clinica"}}, {"model": "contenttypes.contenttype", "pk": 8, "fields": {"app_label": "modulo_control", "model": "laboratorioclinico"}}, {"model": "contenttypes.contenttype", "pk": 9, "fields": {"app_label": "modulo_control", "model": "liclaboratorioclinico"}}, {"model": "contenttypes.contenttype", "pk": 10, "fields": {"app_label": "modulo_control", "model": "permiso"}}, {"model": "contenttypes.contenttype", "pk": 11, "fields": {"app_label": "modulo_control", "model": "secretaria"}}, {"model": "contenttypes.contenttype", "pk": 12, "fields": {"app_label": "modulo_control", "model": "permisoempleado"}}, {"model": "contenttypes.contenttype", "pk": 13, "fields": {"app_label": "modulo_control", "model": "jeferecursoshumanos"}}, {"model": "contenttypes.contenttype", "pk": 14, "fields": {"app_label": "modulo_control", "model": "jefemarketing"}}, {"model": "contenttypes.contenttype", "pk": 15, "fields": {"app_label": "modulo_control", "model": "jefefinanzas"}}, {"model": "contenttypes.contenttype", "pk": 16, "fields": {"app_label": "modulo_control", "model": "enfermera"}}, {"model": "contenttypes.contenttype", "pk": 17, "fields": {"app_label": "modulo_control", "model": "doctor"}}, {"model": "contenttypes.contenttype", "pk": 18, "fields": {"app_label": "modulo_expediente", "model": "brindaconsulta"}}, {"model": "contenttypes.contenttype", "pk": 19, "fields": {"app_label": "modulo_expediente", "model": "constanciamedica"}}, {"model": "contenttypes.contenttype", "pk": 20, "fields": {"app_label": "modulo_expediente", "model": "consulta"}}, {"model": "contenttypes.contenttype", "pk": 21, "fields": {"app_label": "modulo_expediente", "model": "contieneconsulta"}}, {"model": "contenttypes.contenttype", "pk": 22, "fields": {"app_label": "modulo_expediente", "model": "dosis"}}, {"model": "contenttypes.contenttype", "pk": 23, "fields": {"app_label": "modulo_expediente", "model": "expediente"}}, {"model": "contenttypes.contenttype", "pk": 24, "fields": {"app_label": "modulo_expediente", "model": "hospital"}}, {"model": "contenttypes.contenttype", "pk": 25, "fields": {"app_label": "modulo_expediente", "model": "medicamento"}}, {"model": "contenttypes.contenttype", "pk": 26, "fields": {"app_label": "modulo_expediente", "model": "ordenexamenlaboratorio"}}, {"model": "contenttypes.contenttype", "pk": 27, "fields": {"app_label": "modulo_expediente", "model": "signosvitales"}}, {"model": "contenttypes.contenttype", "pk": 28, "fields": {"app_label": "modulo_expediente", "model": "referenciamedica"}}, {"model": "contenttypes.contenttype", "pk": 29, "fields": {"app_label": "modulo_expediente", "model": "recetamedica"}}, {"model": "contenttypes.contenttype", "pk": 30, "fields": {"app_label": "modulo_expediente", "model": "paciente"}}, {"model": "contenttypes.contenttype", "pk": 31, "fields": {"app_label": "modulo_laboratorio", "model": "categoria"}}, {"model": "contenttypes.contenttype", "pk": 32, "fields": {"app_label": "modulo_laboratorio", "model": "categoriaexamen"}}, {"model": "contenttypes.contenttype", "pk": 33, "fields": {"app_label": "modulo_laboratorio", "model": "contienevalor"}}, {"model": "contenttypes.contenttype", "pk": 34, "fields": {"app_label": "modulo_laboratorio", "model": "examenlaboratorio"}}, {"model": "contenttypes.contenttype", "pk": 35, "fields": {"app_label": "modulo_laboratorio", "model": "parametro"}}, {"model": "contenttypes.contenttype", "pk": 36, "fields": {"app_label": "modulo_laboratorio", "model": "serviciodelaboratorioclinico"}}, {"model": "contenttypes.contenttype", "pk": 37, "fields": {"app_label": "modulo_laboratorio", "model": "resultado"}}, {"model": "contenttypes.contenttype", "pk": 38, "fields": {"app_label": "modulo_laboratorio", "model": "esperaexamen"}}, {"model": "contenttypes.contenttype", "pk": 39, "fields": {"app_label": "modulo_expediente", "model": "venta"}}, {"model": "contenttypes.contenttype", "pk": 40, "fields": {"app_label": "modulo_control", "model": "rol"}}, {"model": "sessions.session", "pk": "4vg86aizxde9lu36iexxqcorrucvtkz7", "fields": {"session_data": ".eJxVzM0OwiAQBOB34WwILIKLR-8-Q8Oyi60_NOnPyfju0qQHPU6-mXmrLq1L362zTN3A6qyGF4AxVh1-hVJ-SN2Y76neRp3HukwD6a2id531dWR5Xvbu30Gf5r6txTMmjy5TYMgYfQD2jpF9NAgtFxEOMRc6kUUBCOZoqEEs1tlA6vMFCBo5Lg:1nnYOb:Cuc7Qp1ni3CspV5VLH0RzzE8gfGDrY6AiicRU1awQ6c", "expire_date": "2022-05-22T04:19:49.791Z"}}, {"model": "sessions.session", "pk": "666rpqotarvr3a2taf4m6hhyiz35c965", "fields": {"session_data": ".eJxVzM0OwiAQBOB34WwILIKLR-8-Q8Oyi60_NOnPyfju0qQHPU6-mXmrLq1L362zTN3A6qyGF4AxVh1-hVJ-SN2Y76neRp3HukwD6a2id531dWR5Xvbu30Gf5r6txTMmjy5TYMgYfQD2jpF9NAgtFxEOMRc6kUUBCOZoqEEs1tlA6vMFCBo5Lg:1nmprO:y2TF-WnCm8aabj9RcbkPHXqo1eNEfnhkqFmXIpfbcNY", "expire_date": "2022-05-20T04:46:34.094Z"}}, {"model": "sessions.session", "pk": "blvc4k7b3vke4fzqdx25wusia5nmsc4s", "fields": {"session_data": ".eJxVzM0OwiAQBOB34WwILIKLR-8-Q8Oyi60_NOnPyfju0qQHPU6-mXmrLq1L362zTN3A6qyGF4AxVh1-hVJ-SN2Y76neRp3HukwD6a2id531dWR5Xvbu30Gf5r6txTMmjy5TYMgYfQD2jpF9NAgtFxEOMRc6kUUBCOZoqEEs1tlA6vMFCBo5Lg:1nmsCJ:6oyoO1pq_ZHbVOA5e8hqAUSS8vb5yYjEBHsDIFDSX8g", "expire_date": "2022-05-20T07:16:19.717Z"}}, {"model": "sessions.session", "pk": "cbilwakxwhbsrj741uhqdn8t3cswss71", "fields": {"session_data": ".eJxVzM0OwiAQBOB34WwILIKLR-8-Q8Oyi60_NOnPyfju0qQHPU6-mXmrLq1L362zTN3A6qyGF4AxVh1-hVJ-SN2Y76neRp3HukwD6a2id531dWR5Xvbu30Gf5r6txTMmjy5TYMgYfQD2jpF9NAgtFxEOMRc6kUUBCOZoqEEs1tlA6vMFCBo5Lg:1nmQ8W:BymVuVYhCgBHVYhq0KVh-Bv3y8h_5sh8-UuHV7mIdUE", "expire_date": "2022-05-19T01:18:32.161Z"}}, {"model": "sessions.session", "pk": "esv1ps6ogrc3o2tr96i0hxx7iv8fcw76", "fields": {"session_data": ".eJxVzM0OwiAQBOB34WwILIKLR-8-Q8Oyi60_NOnPyfju0qQHPU6-mXmrLq1L362zTN3A6qyGF4AxVh1-hVJ-SN2Y76neRp3HukwD6a2id531dWR5Xvbu30Gf5r6txTMmjy5TYMgYfQD2jpF9NAgtFxEOMRc6kUUBCOZoqEEs1tlA6vMFCBo5Lg:1nms3C:1mVO-VoNoRs0U7sgse_7voxPPgPrSpOXlJalPWA7Q7I", "expire_date": "2022-05-20T07:06:54.966Z"}}, {"model": "sessions.session", "pk": "vr1hcu3i5yir9jc9hjw1ske3czzphlm2", "fields": {"session_data": ".eJxVzM0OwiAQBOB34WwILIKLR-8-Q8Oyi60_NOnPyfju0qQHPU6-mXmrLq1L362zTN3A6qyGF4AxVh1-hVJ-SN2Y76neRp3HukwD6a2id531dWR5Xvbu30Gf5r6txTMmjy5TYMgYfQD2jpF9NAgtFxEOMRc6kUUBCOZoqEEs1tlA6vMFCBo5Lg:1noGIs:sHBm4XLy7LXp-9M1gUqPnZtFeuLYePUeW9hVGtsnzuI", "expire_date": "2022-05-24T03:12:50.819Z"}}, {"model": "sessions.session", "pk": "xwni0ekx7qxzjzcc3e4dqrp7hnm1p1gg", "fields": {"session_data": ".eJxVjDsOwyAQBe9CHSHAsEDK9DkDWmAJzsdIxq6i3D225CIpXjUz780CrksNa6c5jJmdGb6UEkKy0y-JmB407Tjfcbo1ntq0zGPku8IP2vm1ZXpeDvfvoGKvW12KssaqtI3AZw1SC20LOSGFB0MgQaJA49wAClAPKUWZKVpfCpii2ecL1sg4tQ:1nlx0Y:qGOeYtEvDhGnjfDWfDVmEMBurkqaYDUrtVmzGr_EXCc", "expire_date": "2022-05-17T18:12:22.819Z"}}, {"model": "modulo_control.rol", "pk": 1, "fields": {"nombre_rol": "Doctor", "codigo_rol": "Doc"}}, {"model": "modulo_control.rol", "pk": 2, "fields": {"nombre_rol": "Enfermera", "codigo_rol": "Enf"}}, {"model": "modulo_control.rol", "pk": 3, "fields": {"nombre_rol": "Laboratorio", "codigo_rol": "Lic"}}, {"model": "modulo_control.rol", "pk": 4, "fields": {"nombre_rol": "Secretaria", "codigo_rol": "Sec"}}, {"model": "modulo_control.rol", "pk": 5, "fields": {"nombre_rol": "Administrador", "codigo_rol": "Adm"}}, {"model": "modulo_control.empleado", "pk": "aa", "fields": {"password": "", "nombres": "aa", "apellidos": "aa", "sexo": "f", "direccion": "a", "email": null, "es_activo": true, "es_staff": true, "es_superuser": false, "last_login": null, "fechaCreacion": "2022-05-05T23:27:48.015Z", "fechaNacimiento": "2022-01-02", "groups": [], "user_permissions": [], "roles": []}}, {"model": "modulo_control.empleado", "pk": "am22001", "fields": {"password": "pbkdf2_sha256$260000$qqNfr89x7WetIFshtS5AFy$/zq+hqKkMyfQqWswmREaUXroxx1kBbJ2X7zdxqo9FHE=", "nombres": "Andrea Melissa", "apellidos": "Monterrosa Morales", "sexo": "-", "direccion": null, "email": "mm18057@ues.edu.sv", "es_activo": true, "es_staff": true, "es_superuser": true, "last_login": "2022-05-03", "fechaCreacion": "2022-05-03T18:12:06.411Z", "fechaNacimiento": null, "groups": [], "user_permissions": [], "roles": []}}, {"model": "modulo_control.empleado", "pk": "im22001", "fields": {"password": "pbkdf2_sha256$260000$Imko8M2ztaAVnEISFcKHtf$M0aDCHc/Mjd5It4MQFXIhy9T0gCYeiGOYVDcFXYb1mE=", "nombres": "isai", "apellidos": "martinez", "sexo": "-", "direccion": null, "email": "mv17012@ues.edu.sv", "es_activo": true, "es_staff": true, "es_superuser": true, "last_login": "2022-05-10", "fechaCreacion": "2022-05-05T01:18:23.355Z", "fechaNacimiento": null, "groups": [], "user_permissions": [], "roles": [1, 2, 3]}}, {"model": "modulo_control.empleado", "pk": "im22002", "fields": {"password": "pbkdf2_sha256$260000$D2Ghri4JFWbu8nF0ySvEWv$2QtHU0Lk8sIyGtvF3F+F66pZZ1zxsSzlQZIUm3TjGuA=", "nombres": "isai", "apellidos": "martinez", "sexo": "-", "direccion": null, "email": "isai@gmail.com", "es_activo": true, "es_staff": true, "es_superuser": true, "last_login": null, "fechaCreacion": "2022-05-10T05:41:04.017Z", "fechaNacimiento": null, "groups": [], "user_permissions": [], "roles": []}}, {"model": "modulo_control.enfermera", "pk": 1, "fields": {"empleado": "im22001"}}, {"model": "modulo_control.enfermera", "pk": 2, "fields": {"empleado": "am22001"}}, {"model": "modulo_control.enfermera", "pk": 3, "fields": {"empleado": "im22001"}}, {"model": "modulo_control.enfermera", "pk": 4, "fields": {"empleado": "im22001"}}, {"model": "modulo_control.enfermera", "pk": 5, "fields": {"empleado": "am22001"}}, {"model": "modulo_control.enfermera", "pk": 6, "fields": {"empleado": "am22001"}}, {"model": "modulo_control.enfermera", "pk": 7, "fields": {"empleado": "am22001"}}, {"model": "modulo_control.enfermera", "pk": 8, "fields": {"empleado": "am22001"}}, {"model": "modulo_control.enfermera", "pk": 9, "fields": {"empleado": "am22001"}}, {"model": "modulo_control.enfermera", "pk": 10, "fields": {"empleado": "am22001"}}, {"model": "modulo_control.enfermera", "pk": 11, "fields": {"empleado": "am22001"}}, {"model": "modulo_control.enfermera", "pk": 12, "fields": {"empleado": "am22001"}}, {"model": "modulo_control.enfermera", "pk": 13, "fields": {"empleado": "am22001"}}, {"model": "modulo_control.enfermera", "pk": 14, "fields": {"empleado": "am22001"}}, {"model": "modulo_control.enfermera", "pk": 15, "fields": {"empleado": "am22001"}}, {"model": "modulo_control.enfermera", "pk": 16, "fields": {"empleado": "am22001"}}, {"model": "modulo_control.enfermera", "pk": 17, "fields": {"empleado": "am22001"}}, {"model": "modulo_control.enfermera", "pk": 123, "fields": {"empleado": "am22001"}}, {"model": "modulo_control.doctor", "pk": 1, "fields": {"especialidad_doctor": "general", "jvmp": 12, "Empleado": "am22001"}}, {"model": "modulo_control.liclaboratorioclinico", "pk": 1, "fields": {"jvmp": 12}}, {"model": "modulo_expediente.expediente", "pk": 1, "fields": {"id_paciente": 4, "fecha_creacion_expediente": "2022-04-05", "codigo_expediente": "LB12345678"}}, {"model": "modulo_expediente.expediente", "pk": 2, "fields": {"id_paciente": 5, "fecha_creacion_expediente": "2022-05-05", "codigo_expediente": "KL23643"}}, {"model": "modulo_expediente.expediente", "pk": 3, "fields": {"id_paciente": 6, "fecha_creacion_expediente": "2022-05-06", "codigo_expediente": "MV17098"}}, {"model": "modulo_expediente.expediente", "pk": 4, "fields": {"id_paciente": 7, "fecha_creacion_expediente": "2022-05-06", "codigo_expediente": "AD1233"}}, {"model": "modulo_expediente.expediente", "pk": 5, "fields": {"id_paciente": 8, "fecha_creacion_expediente": "2022-05-07", "codigo_expediente": "MV17000"}}, {"model": "modulo_expediente.expediente", "pk": 6, "fields": {"id_paciente": 9, "fecha_creacion_expediente": "2022-05-07", "codigo_expediente": "mv17001"}}, {"model": "modulo_expediente.expediente", "pk": 7, "fields": {"id_paciente": 16, "fecha_creacion_expediente": "2022-05-10", "codigo_expediente": "AM18543"}}, {"model": "modulo_expediente.expediente", "pk": 8, "fields": {"id_paciente": 15, "fecha_creacion_expediente": "2022-05-10", "codigo_expediente": "ss"}}, {"model": "modulo_expediente.expediente", "pk": 9, "fields": {"id_paciente": 14, "fecha_creacion_expediente": "2022-05-10", "codigo_expediente": "js"}}, {"model": "modulo_expediente.expediente", "pk": 10, "fields": {"id_paciente": 10, "fecha_creacion_expediente": "2022-05-10", "codigo_expediente": "rn"}}, {"model": "modulo_expediente.expediente", "pk": 11, "fields": {"id_paciente": 18, "fecha_creacion_expediente": "2022-05-12", "codigo_expediente": "sdsd"}}, {"model": "modulo_expediente.expediente", "pk": 13, "fields": {"id_paciente": 20, "fecha_creacion_expediente": "2022-05-11", "codigo_expediente": "sgsg"}}, {"model": "modulo_expediente.expediente", "pk": 14, "fields": {"id_paciente": 22, "fecha_creacion_expediente": "2022-05-11", "codigo_expediente": "jl22001"}}, {"model": "modulo_expediente.expediente", "pk": 15, "fields": {"id_paciente": 23, "fecha_creacion_expediente": "2022-05-11", "codigo_expediente": "ib22001"}}, {"model": "modulo_expediente.expediente", "pk": 16, "fields": {"id_paciente": 24, "fecha_creacion_expediente": "2022-05-11", "codigo_expediente": "eq22001"}}, {"model": "modulo_expediente.paciente", "pk": 4, "fields": {"nombre_paciente": "Ana Regina", "apellido_paciente": "Lopez Palacios", "fecha_nacimiento_paciente": "2000-03-01", "sexo_paciente": "F", "direccion_paciente": "San Salvador", "email_paciente": "regina@gmail.com", "responsable": ""}}, {"model": "modulo_expediente.paciente", "pk": 5, "fields": {"nombre_paciente": "Kiko", "apellido_paciente": "Polaco", "fecha_nacimiento_paciente": "1999-03-01", "sexo_paciente": "M", "direccion_paciente": "Santa Ana", "email_paciente": "kike@gmail.com", "responsable": ""}}, {"model": "modulo_expediente.paciente", "pk": 6, "fields": {"nombre_paciente": "Adelina  Rosa", "apellido_paciente": "Lopez Barahona", "fecha_nacimiento_paciente": "2010-03-12", "sexo_paciente": "F", "direccion_paciente": "Sonsonate", "email_paciente": "fidelina@hotmail.com", "responsable": "Fidelina Barahona Rodriguez"}}, {"model": "modulo_expediente.paciente", "pk": 7, "fields": {"nombre_paciente": "Ana Regina", "apellido_paciente": "Lopez Barahona", "fecha_nacimiento_paciente": "2022-05-05", "sexo_paciente": "F", "direccion_paciente": "san salvador", "email_paciente": "Rgina@gmail.com", "responsable": "Regina Barahona"}}, {"model": "modulo_expediente.paciente", "pk": 8, "fields": {"nombre_paciente": "Isai", "apellido_paciente": "martinez", "fecha_nacimiento_paciente": "2022-05-12", "sexo_paciente": "M", "direccion_paciente": "ss", "email_paciente": "matines@gmail.com", "responsable": "Andrea"}}, {"model": "modulo_expediente.paciente", "pk": 9, "fields": {"nombre_paciente": "Ronaldo", "apellido_paciente": "Martinez", "fecha_nacimiento_paciente": "2022-05-09", "sexo_paciente": "M", "direccion_paciente": "..", "email_paciente": "ronaldo@gmail.com", "responsable": ""}}, {"model": "modulo_expediente.paciente", "pk": 10, "fields": {"nombre_paciente": "Ronald", "apellido_paciente": "Ayala", "fecha_nacimiento_paciente": "2022-05-02", "sexo_paciente": "M", "direccion_paciente": "cuyultitan, La Paz", "email_paciente": "ayalaa1999@gmail.com", "responsable": "Andrea"}}, {"model": "modulo_expediente.paciente", "pk": 11, "fields": {"nombre_paciente": "Ronald", "apellido_paciente": "Ayala", "fecha_nacimiento_paciente": "2022-05-02", "sexo_paciente": "M", "direccion_paciente": "cuyultitan, La Paz", "email_paciente": "ayalaa19@gmail.com", "responsable": "Andrea"}}, {"model": "modulo_expediente.paciente", "pk": 12, "fields": {"nombre_paciente": "Diana", "apellido_paciente": "asasa", "fecha_nacimiento_paciente": "2022-05-02", "sexo_paciente": "F", "direccion_paciente": "cuyultitan, La Paz", "email_paciente": "a99@gmail.com", "responsable": "Andrea"}}, {"model": "modulo_expediente.paciente", "pk": 13, "fields": {"nombre_paciente": "andrea", "apellido_paciente": "jsjs", "fecha_nacimiento_paciente": "2022-05-03", "sexo_paciente": "F", "direccion_paciente": "sasa, La Paz", "email_paciente": "a9sa9@gmail.com", "responsable": "diana"}}, {"model": "modulo_expediente.paciente", "pk": 14, "fields": {"nombre_paciente": "isai", "apellido_paciente": "jsjs", "fecha_nacimiento_paciente": "2022-05-03", "sexo_paciente": "F", "direccion_paciente": "sasa, La Paz", "email_paciente": "a9sassasas9@gmail.com", "responsable": "diana"}}, {"model": "modulo_expediente.paciente", "pk": 15, "fields": {"nombre_paciente": "ssa", "apellido_paciente": "sasa", "fecha_nacimiento_paciente": "2022-05-02", "sexo_paciente": "F", "direccion_paciente": null, "email_paciente": "diasasna1999@gmail.com", "responsable": null}}, {"model": "modulo_expediente.paciente", "pk": 16, "fields": {"nombre_paciente": "Andrea Melissa", "apellido_paciente": "Monterrosa Morales", "fecha_nacimiento_paciente": "2016-02-12", "sexo_paciente": "F", "direccion_paciente": "Soyapango", "email_paciente": "andrea@gmail.com", "responsable": ""}}, {"model": "modulo_expediente.paciente", "pk": 17, "fields": {"nombre_paciente": "Diana Carolina", "apellido_paciente": "Melendez Lopez", "fecha_nacimiento_paciente": "1999-03-30", "sexo_paciente": "F", "direccion_paciente": "Cuscatlan", "email_paciente": "dcml@gmail.com", "responsable": ""}}, {"model": "modulo_expediente.paciente", "pk": 18, "fields": {"nombre_paciente": "Ana", "apellido_paciente": "Melendez Lopez", "fecha_nacimiento_paciente": "1999-03-30", "sexo_paciente": "F", "direccion_paciente": "Cuscatlan", "email_paciente": "dcl@gmail.com", "responsable": ""}}, {"model": "modulo_expediente.paciente", "pk": 19, "fields": {"nombre_paciente": "Krissia", "apellido_paciente": "Melendez Lopez", "fecha_nacimiento_paciente": "1999-03-30", "sexo_paciente": "F", "direccion_paciente": "Cuscatlan", "email_paciente": "kmcl@gmail.com", "responsable": ""}}, {"model": "modulo_expediente.paciente", "pk": 20, "fields": {"nombre_paciente": "Ara", "apellido_paciente": "Melendez Lopez", "fecha_nacimiento_paciente": "1999-03-30", "sexo_paciente": "F", "direccion_paciente": "Cuscatlan", "email_paciente": "amcl@gmail.com", "responsable": ""}}, {"model": "modulo_expediente.paciente", "pk": 21, "fields": {"nombre_paciente": "Aracely", "apellido_paciente": "Melendez Lopez", "fecha_nacimiento_paciente": "1999-03-30", "sexo_paciente": "F", "direccion_paciente": "Cuscatlan", "email_paciente": "ancl@gmail.com", "responsable": ""}}, {"model": "modulo_expediente.paciente", "pk": 22, "fields": {"nombre_paciente": "Julio", "apellido_paciente": "Lopez", "fecha_nacimiento_paciente": "1999-03-12", "sexo_paciente": "M", "direccion_paciente": "Cuscatlan", "email_paciente": "jucl@gmail.com", "responsable": ""}}, {"model": "modulo_expediente.paciente", "pk": 23, "fields": {"nombre_paciente": "Isaac", "apellido_paciente": "Bernabe", "fecha_nacimiento_paciente": "1999-03-12", "sexo_paciente": "M", "direccion_paciente": "Cuscatlan", "email_paciente": "isaac@gmail.com", "responsable": ""}}, {"model": "modulo_expediente.paciente", "pk": 24, "fields": {"nombre_paciente": "Edwin", "apellido_paciente": "Quintanilla", "fecha_nacimiento_paciente": "2000-11-18", "sexo_paciente": "M", "direccion_paciente": "Cuscatlan", "email_paciente": "edq@gmail.com", "responsable": ""}}, {"model": "modulo_expediente.contieneconsulta", "pk": 1, "fields": {"expediente": 1, "consulta": null, "numero_cola": 1, "fecha_de_cola": "2022-05-04", "consumo_medico": "5.00", "estado_cola_medica": "1", "fase_cola_medica": "1"}}, {"model": "modulo_expediente.contieneconsulta", "pk": 2, "fields": {"expediente": 2, "consulta": null, "numero_cola": 2, "fecha_de_cola": "2022-05-05", "consumo_medico": "6.00", "estado_cola_medica": "1", "fase_cola_medica": "1"}}, {"model": "modulo_expediente.contieneconsulta", "pk": 3, "fields": {"expediente": 3, "consulta": null, "numero_cola": 3, "fecha_de_cola": "2022-05-06", "consumo_medico": "0.00", "estado_cola_medica": "1", "fase_cola_medica": "1"}}, {"model": "modulo_expediente.contieneconsulta", "pk": 16, "fields": {"expediente": 1, "consulta": null, "numero_cola": 1, "fecha_de_cola": "2022-05-07", "consumo_medico": "0.00", "estado_cola_medica": "1", "fase_cola_medica": "2"}}, {"model": "modulo_expediente.contieneconsulta", "pk": 24, "fields": {"expediente": 2, "consulta": null, "numero_cola": 3, "fecha_de_cola": "2022-05-07", "consumo_medico": "0.00", "estado_cola_medica": "1", "fase_cola_medica": "2"}}, {"model": "modulo_expediente.contieneconsulta", "pk": 43, "fields": {"expediente": 4, "consulta": null, "numero_cola": 4, "fecha_de_cola": "2022-05-07", "consumo_medico": "0.00", "estado_cola_medica": "1", "fase_cola_medica": "2"}}, {"model": "modulo_expediente.contieneconsulta", "pk": 59, "fields": {"expediente": 3, "consulta": null, "numero_cola": 5, "fecha_de_cola": "2022-05-07", "consumo_medico": "0.00", "estado_cola_medica": "1", "fase_cola_medica": "2"}}, {"model": "modulo_expediente.contieneconsulta", "pk": 61, "fields": {"expediente": 5, "consulta": 8, "numero_cola": 1, "fecha_de_cola": "2022-05-08", "consumo_medico": "0.00", "estado_cola_medica": "1", "fase_cola_medica": "2"}}, {"model": "modulo_expediente.contieneconsulta", "pk": 62, "fields": {"expediente": 5, "consulta": 9, "numero_cola": 6, "fecha_de_cola": "2022-05-10", "consumo_medico": "0.00", "estado_cola_medica": "1", "fase_cola_medica": "2"}}, {"model": "modulo_expediente.contieneconsulta", "pk": 63, "fields": {"expediente": 6, "consulta": 10, "numero_cola": 7, "fecha_de_cola": "2022-05-07", "consumo_medico": "0.00", "estado_cola_medica": "1", "fase_cola_medica": "2"}}, {"model": "modulo_expediente.contieneconsulta", "pk": 64, "fields": {"expediente": 2, "consulta": null, "numero_cola": 1, "fecha_de_cola": "2022-05-09", "consumo_medico": "0.00", "estado_cola_medica": "1", "fase_cola_medica": "2"}}, {"model": "modulo_expediente.contieneconsulta", "pk": 66, "fields": {"expediente": 1, "consulta": 11, "numero_cola": 1, "fecha_de_cola": "2022-05-10", "consumo_medico": "0.00", "estado_cola_medica": "1", "fase_cola_medica": "2"}}, {"model": "modulo_expediente.contieneconsulta", "pk": 67, "fields": {"expediente": 4, "consulta": 12, "numero_cola": 2, "fecha_de_cola": "2022-05-10", "consumo_medico": "0.00", "estado_cola_medica": "1", "fase_cola_medica": "2"}}, {"model": "modulo_expediente.contieneconsulta", "pk": 68, "fields": {"expediente": 3, "consulta": 13, "numero_cola": 3, "fecha_de_cola": "2022-05-10", "consumo_medico": "0.00", "estado_cola_medica": "1", "fase_cola_medica": "3"}}, {"model": "modulo_expediente.contieneconsulta", "pk": 69, "fields": {"expediente": 2, "consulta": 14, "numero_cola": 4, "fecha_de_cola": "2022-05-10", "consumo_medico": "0.00", "estado_cola_medica": "1", "fase_cola_medica": "2"}}, {"model": "modulo_expediente.contieneconsulta", "pk": 70, "fields": {"expediente": 7, "consulta": 15, "numero_cola": 5, "fecha_de_cola": "2022-05-10", "consumo_medico": "0.00", "estado_cola_medica": "1", "fase_cola_medica": "4"}}, {"model": "modulo_expediente.contieneconsulta", "pk": 71, "fields": {"expediente": 8, "consulta": 16, "numero_cola": 6, "fecha_de_cola": "2022-05-10", "consumo_medico": "0.00", "estado_cola_medica": "1", "fase_cola_medica": "1"}}, {"model": "modulo_expediente.contieneconsulta", "pk": 72, "fields": {"expediente": 9, "consulta": 17, "numero_cola": 7, "fecha_de_cola": "2022-05-10", "consumo_medico": "0.00", "estado_cola_medica": "1", "fase_cola_medica": "2"}}, {"model": "modulo_expediente.contieneconsulta", "pk": 74, "fields": {"expediente": 10, "consulta": 19, "numero_cola": 8, "fecha_de_cola": "2022-05-10", "consumo_medico": "0.00", "estado_cola_medica": "1", "fase_cola_medica": "2"}}, {"model": "modulo_expediente.contieneconsulta", "pk": 75, "fields": {"expediente": 1, "consulta": 20, "numero_cola": 1, "fecha_de_cola": "2022-05-12", "consumo_medico": "0.00", "estado_cola_medica": "1", "fase_cola_medica": "2"}}, {"model": "modulo_expediente.signosvitales", "pk": 1, "fields": {"enfermera": 123, "unidad_temperatura": "2", "unidad_peso": "3", "unidad_presion_arterial_diastolica": "4", "unidad_presion_arterial_sistolica": "5", "unidad_frecuencia_cardiaca": "6", "unidad_saturacion_oxigeno": "7", "valor_temperatura": "36.00", "valor_peso": "45.00", "valor_presion_arterial_diastolica": 2, "valor_presion_arterial_sistolica": 3, "valor_frecuencia_cardiaca": 3, "valor_saturacion_oxigeno": 3}}, {"model": "modulo_expediente.signosvitales", "pk": 2, "fields": {"enfermera": 123, "unidad_temperatura": "3", "unidad_peso": "3", "unidad_presion_arterial_diastolica": "5", "unidad_presion_arterial_sistolica": "2", "unidad_frecuencia_cardiaca": "2", "unidad_saturacion_oxigeno": "1", "valor_temperatura": "4.00", "valor_peso": "4.00", "valor_presion_arterial_diastolica": 5, "valor_presion_arterial_sistolica": 5, "valor_frecuencia_cardiaca": 3, "valor_saturacion_oxigeno": 3}}, {"model": "modulo_expediente.signosvitales", "pk": 3, "fields": {"enfermera": 123, "unidad_temperatura": "4", "unidad_peso": "3", "unidad_presion_arterial_diastolica": "4", "unidad_presion_arterial_sistolica": "2", "unidad_frecuencia_cardiaca": "3", "unidad_saturacion_oxigeno": "1", "valor_temperatura": "36.00", "valor_peso": "60.00", "valor_presion_arterial_diastolica": 4, "valor_presion_arterial_sistolica": 4, "valor_frecuencia_cardiaca": 2, "valor_saturacion_oxigeno": 2}}, {"model": "modulo_expediente.signosvitales", "pk": 4, "fields": {"enfermera": 10, "unidad_temperatura": "F", "unidad_peso": "Lbs", "unidad_presion_arterial_diastolica": "", "unidad_presion_arterial_sistolica": "", "unidad_frecuencia_cardiaca": "", "unidad_saturacion_oxigeno": "", "valor_temperatura": "1.00", "valor_peso": "45.00", "valor_presion_arterial_diastolica": 1, "valor_presion_arterial_sistolica": 1, "valor_frecuencia_cardiaca": 1, "valor_saturacion_oxigeno": 1}}, {"model": "modulo_expediente.signosvitales", "pk": 5, "fields": {"enfermera": 11, "unidad_temperatura": "F", "unidad_peso": "Lbs", "unidad_presion_arterial_diastolica": "", "unidad_presion_arterial_sistolica": "", "unidad_frecuencia_cardiaca": "", "unidad_saturacion_oxigeno": "", "valor_temperatura": "1.00", "valor_peso": "45.00", "valor_presion_arterial_diastolica": 1, "valor_presion_arterial_sistolica": 1, "valor_frecuencia_cardiaca": 1, "valor_saturacion_oxigeno": 1}}, {"model": "modulo_expediente.signosvitales", "pk": 6, "fields": {"enfermera": 12, "unidad_temperatura": "F", "unidad_peso": "Lbs", "unidad_presion_arterial_diastolica": "", "unidad_presion_arterial_sistolica": "", "unidad_frecuencia_cardiaca": "", "unidad_saturacion_oxigeno": "", "valor_temperatura": "1.00", "valor_peso": "45.00", "valor_presion_arterial_diastolica": 1, "valor_presion_arterial_sistolica": 1, "valor_frecuencia_cardiaca": 1, "valor_saturacion_oxigeno": 1}}, {"model": "modulo_expediente.signosvitales", "pk": 7, "fields": {"enfermera": 13, "unidad_temperatura": "F", "unidad_peso": "Lbs", "unidad_presion_arterial_diastolica": "", "unidad_presion_arterial_sistolica": "", "unidad_frecuencia_cardiaca": "", "unidad_saturacion_oxigeno": "", "valor_temperatura": "1.00", "valor_peso": "45.00", "valor_presion_arterial_diastolica": 1, "valor_presion_arterial_sistolica": 1, "valor_frecuencia_cardiaca": 1, "valor_saturacion_oxigeno": 1}}, {"model": "modulo_expediente.signosvitales", "pk": 8, "fields": {"enfermera": 14, "unidad_temperatura": "F", "unidad_peso": "Lbs", "unidad_presion_arterial_diastolica": "", "unidad_presion_arterial_sistolica": "", "unidad_frecuencia_cardiaca": "", "unidad_saturacion_oxigeno": "", "valor_temperatura": "1.00", "valor_peso": "45.00", "valor_presion_arterial_diastolica": 1, "valor_presion_arterial_sistolica": 1, "valor_frecuencia_cardiaca": 1, "valor_saturacion_oxigeno": 1}}, {"model": "modulo_expediente.signosvitales", "pk": 9, "fields": {"enfermera": 15, "unidad_temperatura": "F", "unidad_peso": "Lbs", "unidad_presion_arterial_diastolica": "", "unidad_presion_arterial_sistolica": "", "unidad_frecuencia_cardiaca": "", "unidad_saturacion_oxigeno": "", "valor_temperatura": "1.00", "valor_peso": "45.00", "valor_presion_arterial_diastolica": 1, "valor_presion_arterial_sistolica": 1, "valor_frecuencia_cardiaca": 1, "valor_saturacion_oxigeno": 1}}, {"model": "modulo_expediente.signosvitales", "pk": 10, "fields": {"enfermera": 16, "unidad_temperatura": "F", "unidad_peso": "Lbs", "unidad_presion_arterial_diastolica": "", "unidad_presion_arterial_sistolica": "", "unidad_frecuencia_cardiaca": "", "unidad_saturacion_oxigeno": "", "valor_temperatura": "1.00", "valor_peso": "45.00", "valor_presion_arterial_diastolica": 1, "valor_presion_arterial_sistolica": 1, "valor_frecuencia_cardiaca": 1, "valor_saturacion_oxigeno": 1}}, {"model": "modulo_expediente.signosvitales", "pk": 12, "fields": {"enfermera": 17, "unidad_temperatura": "2", "unidad_peso": "1", "unidad_presion_arterial_diastolica": "mmHH", "unidad_presion_arterial_sistolica": "mmHH", "unidad_frecuencia_cardiaca": "PPM", "unidad_saturacion_oxigeno": "%", "valor_temperatura": null, "valor_peso": null, "valor_presion_arterial_diastolica": null, "valor_presion_arterial_sistolica": null, "valor_frecuencia_cardiaca": null, "valor_saturacion_oxigeno": null}}, {"model": "modulo_expediente.signosvitales", "pk": 13, "fields": {"enfermera": 3, "unidad_temperatura": "", "unidad_peso": "", "unidad_presion_arterial_diastolica": "mmHH", "unidad_presion_arterial_sistolica": "mmHH", "unidad_frecuencia_cardiaca": "PPM", "unidad_saturacion_oxigeno": "%", "valor_temperatura": null, "valor_peso": null, "valor_presion_arterial_diastolica": null, "valor_presion_arterial_sistolica": null, "valor_frecuencia_cardiaca": null, "valor_saturacion_oxigeno": null}}, {"model": "modulo_expediente.signosvitales", "pk": 14, "fields": {"enfermera": 1, "unidad_temperatura": "", "unidad_peso": "", "unidad_presion_arterial_diastolica": "mmHH", "unidad_presion_arterial_sistolica": "mmHH", "unidad_frecuencia_cardiaca": "PPM", "unidad_saturacion_oxigeno": "%", "valor_temperatura": null, "valor_peso": null, "valor_presion_arterial_diastolica": null, "valor_presion_arterial_sistolica": null, "valor_frecuencia_cardiaca": null, "valor_saturacion_oxigeno": null}}, {"model": "modulo_expediente.signosvitales", "pk": 15, "fields": {"enfermera": 1, "unidad_temperatura": "2", "unidad_peso": "1", "unidad_presion_arterial_diastolica": "mmHH", "unidad_presion_arterial_sistolica": "mmHH", "unidad_frecuencia_cardiaca": "PPM", "unidad_saturacion_oxigeno": "%", "valor_temperatura": null, "valor_peso": null, "valor_presion_arterial_diastolica": null, "valor_presion_arterial_sistolica": null, "valor_frecuencia_cardiaca": null, "valor_saturacion_oxigeno": null}}, {"model": "modulo_expediente.signosvitales", "pk": 16, "fields": {"enfermera": 1, "unidad_temperatura": "2", "unidad_peso": "1", "unidad_presion_arterial_diastolica": "mmHH", "unidad_presion_arterial_sistolica": "mmHH", "unidad_frecuencia_cardiaca": "PPM", "unidad_saturacion_oxigeno": "%", "valor_temperatura": null, "valor_peso": null, "valor_presion_arterial_diastolica": null, "valor_presion_arterial_sistolica": null, "valor_frecuencia_cardiaca": null, "valor_saturacion_oxigeno": null}}, {"model": "modulo_expediente.signosvitales", "pk": 17, "fields": {"enfermera": 1, "unidad_temperatura": "2", "unidad_peso": "1", "unidad_presion_arterial_diastolica": "mmHH", "unidad_presion_arterial_sistolica": "mmHH", "unidad_frecuencia_cardiaca": "PPM", "unidad_saturacion_oxigeno": "%", "valor_temperatura": null, "valor_peso": null, "valor_presion_arterial_diastolica": null, "valor_presion_arterial_sistolica": null, "valor_frecuencia_cardiaca": null, "valor_saturacion_oxigeno": null}}, {"model": "modulo_expediente.signosvitales", "pk": 18, "fields": {"enfermera": 1, "unidad_temperatura": "2", "unidad_peso": "1", "unidad_presion_arterial_diastolica": "mmHH", "unidad_presion_arterial_sistolica": "mmHH", "unidad_frecuencia_cardiaca": "PPM", "unidad_saturacion_oxigeno": "%", "valor_temperatura": null, "valor_peso": null, "valor_presion_arterial_diastolica": null, "valor_presion_arterial_sistolica": null, "valor_frecuencia_cardiaca": null, "valor_saturacion_oxigeno": null}}, {"model": "modulo_expediente.signosvitales", "pk": 19, "fields": {"enfermera": 1, "unidad_temperatura": "2", "unidad_peso": "1", "unidad_presion_arterial_diastolica": "mmHH", "unidad_presion_arterial_sistolica": "mmHH", "unidad_frecuencia_cardiaca": "PPM", "unidad_saturacion_oxigeno": "%", "valor_temperatura": null, "valor_peso": null, "valor_presion_arterial_diastolica": null, "valor_presion_arterial_sistolica": null, "valor_frecuencia_cardiaca": null, "valor_saturacion_oxigeno": null}}, {"model": "modulo_expediente.consulta", "pk": 1, "fields": {"constancia_medica": 1, "signos_vitales": 1, "examen_de_laboratorio": 1, "diagnostico": "prueba", "sintoma": "prueba"}}, {"model": "modulo_expediente.consulta", "pk": 2, "fields": {"constancia_medica": 2, "signos_vitales": 2, "examen_de_laboratorio": 2, "diagnostico": "prueba", "sintoma": "tos"}}, {"model": "modulo_expediente.consulta", "pk": 7, "fields": {"constancia_medica": 3, "signos_vitales": 3, "examen_de_laboratorio": 3, "diagnostico": "", "sintoma": ""}}, {"model": "modulo_expediente.consulta", "pk": 8, "fields": {"constancia_medica": null, "signos_vitales": 4, "examen_de_laboratorio": null, "diagnostico": "", "sintoma": ""}}, {"model": "modulo_expediente.consulta", "pk": 9, "fields": {"constancia_medica": null, "signos_vitales": 5, "examen_de_laboratorio": null, "diagnostico": "", "sintoma": ""}}, {"model": "modulo_expediente.consulta", "pk": 10, "fields": {"constancia_medica": null, "signos_vitales": 6, "examen_de_laboratorio": null, "diagnostico": "", "sintoma": ""}}, {"model": "modulo_expediente.consulta", "pk": 11, "fields": {"constancia_medica": null, "signos_vitales": 7, "examen_de_laboratorio": null, "diagnostico": "", "sintoma": ""}}, {"model": "modulo_expediente.consulta", "pk": 12, "fields": {"constancia_medica": null, "signos_vitales": 8, "examen_de_laboratorio": null, "diagnostico": "", "sintoma": ""}}, {"model": "modulo_expediente.consulta", "pk": 13, "fields": {"constancia_medica": null, "signos_vitales": 9, "examen_de_laboratorio": null, "diagnostico": "", "sintoma": ""}}, {"model": "modulo_expediente.consulta", "pk": 14, "fields": {"constancia_medica": null, "signos_vitales": 10, "examen_de_laboratorio": null, "diagnostico": "", "sintoma": ""}}, {"model": "modulo_expediente.consulta", "pk": 15, "fields": {"constancia_medica": null, "signos_vitales": 12, "examen_de_laboratorio": null, "diagnostico": "", "sintoma": ""}}, {"model": "modulo_expediente.consulta", "pk": 16, "fields": {"constancia_medica": null, "signos_vitales": 15, "examen_de_laboratorio": null, "diagnostico": "", "sintoma": ""}}, {"model": "modulo_expediente.consulta", "pk": 17, "fields": {"constancia_medica": null, "signos_vitales": 16, "examen_de_laboratorio": null, "diagnostico": "", "sintoma": ""}}, {"model": "modulo_expediente.consulta", "pk": 18, "fields": {"constancia_medica": null, "signos_vitales": 17, "examen_de_laboratorio": null, "diagnostico": "", "sintoma": ""}}, {"model": "modulo_expediente.consulta", "pk": 19, "fields": {"constancia_medica": null, "signos_vitales": 18, "examen_de_laboratorio": null, "diagnostico": "", "sintoma": ""}}, {"model": "modulo_expediente.consulta", "pk": 20, "fields": {"constancia_medica": null, "signos_vitales": 19, "examen_de_laboratorio": null, "diagnostico": "", "sintoma": ""}}, {"model": "modulo_expediente.ordenexamenlaboratorio", "pk": 1, "fields": {"fecha_programada": "2022-04-05", "examen_de_laboratorio": 1}}, {"model": "modulo_expediente.ordenexamenlaboratorio", "pk": 2, "fields": {"fecha_programada": "2022-05-05", "examen_de_laboratorio": 2}}, {"model": "modulo_expediente.ordenexamenlaboratorio", "pk": 3, "fields": {"fecha_programada": "2022-05-07", "examen_de_laboratorio": 3}}, {"model": "modulo_expediente.constanciamedica", "pk": 1, "fields": {"fecha_de_emision": "2022-02-05", "dias_reposo": 1, "diagnostico_constancia": "prueba"}}, {"model": "modulo_expediente.constanciamedica", "pk": 2, "fields": {"fecha_de_emision": "2022-05-05", "dias_reposo": 2, "diagnostico_constancia": "prueba"}}, {"model": "modulo_expediente.constanciamedica", "pk": 3, "fields": {"fecha_de_emision": "2022-05-07", "dias_reposo": 2, "diagnostico_constancia": "prueba"}}, {"model": "modulo_laboratorio.examenlaboratorio", "pk": 1, "fields": {"codigo_examen": "exa1", "nombre_examen": "plaquetas", "tipo_muestra": "prueba"}}, {"model": "modulo_laboratorio.examenlaboratorio", "pk": 2, "fields": {"codigo_examen": "exa2", "nombre_examen": "covid-19", "tipo_muestra": "prueba\n"}}, {"model": "modulo_laboratorio.examenlaboratorio", "pk": 3, "fields": {"codigo_examen": "exa3", "nombre_examen": "covid", "tipo_muestra": "prueba"}}]