[{"model": "modulo_expediente.expediente", "pk": 1, "fields": {"id_paciente": 4, "fecha_creacion_expediente": "2022-04-05", "codigo_expediente": "LB12345678"}}, {"model": "modulo_expediente.expediente", "pk": 2, "fields": {"id_paciente": 5, "fecha_creacion_expediente": "2022-05-05", "codigo_expediente": "KL23643"}}, {"model": "modulo_expediente.expediente", "pk": 3, "fields": {"id_paciente": 6, "fecha_creacion_expediente": "2022-05-06", "codigo_expediente": "MV17098"}}, {"model": "modulo_expediente.expediente", "pk": 4, "fields": {"id_paciente": 7, "fecha_creacion_expediente": "2022-05-06", "codigo_expediente": "AD1233"}}, {"model": "modulo_expediente.expediente", "pk": 5, "fields": {"id_paciente": 8, "fecha_creacion_expediente": "2022-05-07", "codigo_expediente": "MV17000"}}, {"model": "modulo_expediente.expediente", "pk": 6, "fields": {"id_paciente": 9, "fecha_creacion_expediente": "2022-05-07", "codigo_expediente": "mv17001"}}, {"model": "modulo_expediente.expediente", "pk": 7, "fields": {"id_paciente": 16, "fecha_creacion_expediente": "2022-05-10", "codigo_expediente": "AM18543"}}, {"model": "modulo_expediente.expediente", "pk": 8, "fields": {"id_paciente": 15, "fecha_creacion_expediente": "2022-05-10", "codigo_expediente": "ss"}}, {"model": "modulo_expediente.expediente", "pk": 9, "fields": {"id_paciente": 14, "fecha_creacion_expediente": "2022-05-10", "codigo_expediente": "js"}}, {"model": "modulo_expediente.expediente", "pk": 10, "fields": {"id_paciente": 10, "fecha_creacion_expediente": "2022-05-10", "codigo_expediente": "rn"}}, {"model": "modulo_expediente.expediente", "pk": 11, "fields": {"id_paciente": 18, "fecha_creacion_expediente": "2022-05-12", "codigo_expediente": "sdsd"}}, {"model": "modulo_expediente.expediente", "pk": 13, "fields": {"id_paciente": 20, "fecha_creacion_expediente": "2022-05-11", "codigo_expediente": "sgsg"}}, {"model": "modulo_expediente.expediente", "pk": 14, "fields": {"id_paciente": 22, "fecha_creacion_expediente": "2022-05-11", "codigo_expediente": "jl22001"}}, {"model": "modulo_expediente.expediente", "pk": 15, "fields": {"id_paciente": 23, "fecha_creacion_expediente": "2022-05-11", "codigo_expediente": "ib22001"}}, {"model": "modulo_expediente.expediente", "pk": 16, "fields": {"id_paciente": 24, "fecha_creacion_expediente": "2022-05-11", "codigo_expediente": "eq22001"}}, {"model": "modulo_expediente.paciente", "pk": 4, "fields": {"nombre_paciente": "Ana Regina", "apellido_paciente": "Lopez Palacios", "fecha_nacimiento_paciente": "2000-03-01", "sexo_paciente": "F", "direccion_paciente": "San Salvador", "email_paciente": "regina@gmail.com", "responsable": ""}}, {"model": "modulo_expediente.paciente", "pk": 5, "fields": {"nombre_paciente": "Kiko", "apellido_paciente": "Polaco", "fecha_nacimiento_paciente": "1999-03-01", "sexo_paciente": "M", "direccion_paciente": "Santa Ana", "email_paciente": "kike@gmail.com", "responsable": ""}}, {"model": "modulo_expediente.paciente", "pk": 6, "fields": {"nombre_paciente": "Adelina  Rosa", "apellido_paciente": "Lopez Barahona", "fecha_nacimiento_paciente": "2010-03-12", "sexo_paciente": "F", "direccion_paciente": "Sonsonate", "email_paciente": "fidelina@hotmail.com", "responsable": "Fidelina Barahona Rodriguez"}}, {"model": "modulo_expediente.paciente", "pk": 7, "fields": {"nombre_paciente": "Ana Regina", "apellido_paciente": "Lopez Barahona", "fecha_nacimiento_paciente": "2022-05-05", "sexo_paciente": "F", "direccion_paciente": "san salvador", "email_paciente": "Rgina@gmail.com", "responsable": "Regina Barahona"}}, {"model": "modulo_expediente.paciente", "pk": 8, "fields": {"nombre_paciente": "Isai", "apellido_paciente": "martinez", "fecha_nacimiento_paciente": "2022-05-12", "sexo_paciente": "M", "direccion_paciente": "ss", "email_paciente": "matines@gmail.com", "responsable": "Andrea"}}, {"model": "modulo_expediente.paciente", "pk": 9, "fields": {"nombre_paciente": "Ronaldo", "apellido_paciente": "Martinez", "fecha_nacimiento_paciente": "2022-05-09", "sexo_paciente": "M", "direccion_paciente": "..", "email_paciente": "ronaldo@gmail.com", "responsable": ""}}, {"model": "modulo_expediente.paciente", "pk": 10, "fields": {"nombre_paciente": "Ronald", "apellido_paciente": "Ayala", "fecha_nacimiento_paciente": "2022-05-02", "sexo_paciente": "M", "direccion_paciente": "cuyultitan, La Paz", "email_paciente": "ayalaa1999@gmail.com", "responsable": "Andrea"}}, {"model": "modulo_expediente.paciente", "pk": 11, "fields": {"nombre_paciente": "Ronald", "apellido_paciente": "Ayala", "fecha_nacimiento_paciente": "2022-05-02", "sexo_paciente": "M", "direccion_paciente": "cuyultitan, La Paz", "email_paciente": "ayalaa19@gmail.com", "responsable": "Andrea"}}, {"model": "modulo_expediente.paciente", "pk": 12, "fields": {"nombre_paciente": "Diana", "apellido_paciente": "asasa", "fecha_nacimiento_paciente": "2022-05-02", "sexo_paciente": "F", "direccion_paciente": "cuyultitan, La Paz", "email_paciente": "a99@gmail.com", "responsable": "Andrea"}}, {"model": "modulo_expediente.paciente", "pk": 13, "fields": {"nombre_paciente": "andrea", "apellido_paciente": "jsjs", "fecha_nacimiento_paciente": "2022-05-03", "sexo_paciente": "F", "direccion_paciente": "sasa, La Paz", "email_paciente": "a9sa9@gmail.com", "responsable": "diana"}}, {"model": "modulo_expediente.paciente", "pk": 14, "fields": {"nombre_paciente": "isai", "apellido_paciente": "jsjs", "fecha_nacimiento_paciente": "2022-05-03", "sexo_paciente": "F", "direccion_paciente": "sasa, La Paz", "email_paciente": "a9sassasas9@gmail.com", "responsable": "diana"}}, {"model": "modulo_expediente.paciente", "pk": 15, "fields": {"nombre_paciente": "ssa", "apellido_paciente": "sasa", "fecha_nacimiento_paciente": "2022-05-02", "sexo_paciente": "F", "direccion_paciente": null, "email_paciente": "diasasna1999@gmail.com", "responsable": null}}, {"model": "modulo_expediente.paciente", "pk": 16, "fields": {"nombre_paciente": "Andrea Melissa", "apellido_paciente": "Monterrosa Morales", "fecha_nacimiento_paciente": "2016-02-12", "sexo_paciente": "F", "direccion_paciente": "Soyapango", "email_paciente": "andrea@gmail.com", "responsable": ""}}, {"model": "modulo_expediente.paciente", "pk": 17, "fields": {"nombre_paciente": "Diana Carolina", "apellido_paciente": "Melendez Lopez", "fecha_nacimiento_paciente": "1999-03-30", "sexo_paciente": "F", "direccion_paciente": "Cuscatlan", "email_paciente": "dcml@gmail.com", "responsable": ""}}, {"model": "modulo_expediente.paciente", "pk": 18, "fields": {"nombre_paciente": "Ana", "apellido_paciente": "Melendez Lopez", "fecha_nacimiento_paciente": "1999-03-30", "sexo_paciente": "F", "direccion_paciente": "Cuscatlan", "email_paciente": "dcl@gmail.com", "responsable": ""}}, {"model": "modulo_expediente.paciente", "pk": 19, "fields": {"nombre_paciente": "Krissia", "apellido_paciente": "Melendez Lopez", "fecha_nacimiento_paciente": "1999-03-30", "sexo_paciente": "F", "direccion_paciente": "Cuscatlan", "email_paciente": "kmcl@gmail.com", "responsable": ""}}, {"model": "modulo_expediente.paciente", "pk": 20, "fields": {"nombre_paciente": "Ara", "apellido_paciente": "Melendez Lopez", "fecha_nacimiento_paciente": "1999-03-30", "sexo_paciente": "F", "direccion_paciente": "Cuscatlan", "email_paciente": "amcl@gmail.com", "responsable": ""}}, {"model": "modulo_expediente.paciente", "pk": 21, "fields": {"nombre_paciente": "Aracely", "apellido_paciente": "Melendez Lopez", "fecha_nacimiento_paciente": "1999-03-30", "sexo_paciente": "F", "direccion_paciente": "Cuscatlan", "email_paciente": "ancl@gmail.com", "responsable": ""}}, {"model": "modulo_expediente.paciente", "pk": 22, "fields": {"nombre_paciente": "Julio", "apellido_paciente": "Lopez", "fecha_nacimiento_paciente": "1999-03-12", "sexo_paciente": "M", "direccion_paciente": "Cuscatlan", "email_paciente": "jucl@gmail.com", "responsable": ""}}, {"model": "modulo_expediente.paciente", "pk": 23, "fields": {"nombre_paciente": "Isaac", "apellido_paciente": "Bernabe", "fecha_nacimiento_paciente": "1999-03-12", "sexo_paciente": "M", "direccion_paciente": "Cuscatlan", "email_paciente": "isaac@gmail.com", "responsable": ""}}, {"model": "modulo_expediente.paciente", "pk": 24, "fields": {"nombre_paciente": "Edwin", "apellido_paciente": "Quintanilla", "fecha_nacimiento_paciente": "2000-11-18", "sexo_paciente": "M", "direccion_paciente": "Cuscatlan", "email_paciente": "edq@gmail.com", "responsable": ""}}, {"model": "modulo_expediente.contieneconsulta", "pk": 1, "fields": {"expediente": 1, "consulta": null, "numero_cola": 1, "fecha_de_cola": "2022-05-04", "consumo_medico": "5.00", "estado_cola_medica": "1", "fase_cola_medica": "1"}}, {"model": "modulo_expediente.contieneconsulta", "pk": 2, "fields": {"expediente": 2, "consulta": null, "numero_cola": 2, "fecha_de_cola": "2022-05-05", "consumo_medico": "6.00", "estado_cola_medica": "1", "fase_cola_medica": "1"}}, {"model": "modulo_expediente.contieneconsulta", "pk": 3, "fields": {"expediente": 3, "consulta": null, "numero_cola": 3, "fecha_de_cola": "2022-05-06", "consumo_medico": "0.00", "estado_cola_medica": "1", "fase_cola_medica": "1"}}, {"model": "modulo_expediente.contieneconsulta", "pk": 16, "fields": {"expediente": 1, "consulta": null, "numero_cola": 1, "fecha_de_cola": "2022-05-07", "consumo_medico": "0.00", "estado_cola_medica": "1", "fase_cola_medica": "2"}}, {"model": "modulo_expediente.contieneconsulta", "pk": 24, "fields": {"expediente": 2, "consulta": null, "numero_cola": 3, "fecha_de_cola": "2022-05-07", "consumo_medico": "0.00", "estado_cola_medica": "1", "fase_cola_medica": "2"}}, {"model": "modulo_expediente.contieneconsulta", "pk": 43, "fields": {"expediente": 4, "consulta": null, "numero_cola": 4, "fecha_de_cola": "2022-05-07", "consumo_medico": "0.00", "estado_cola_medica": "1", "fase_cola_medica": "2"}}, {"model": "modulo_expediente.contieneconsulta", "pk": 59, "fields": {"expediente": 3, "consulta": null, "numero_cola": 5, "fecha_de_cola": "2022-05-07", "consumo_medico": "0.00", "estado_cola_medica": "1", "fase_cola_medica": "2"}}, {"model": "modulo_expediente.contieneconsulta", "pk": 61, "fields": {"expediente": 5, "consulta": 8, "numero_cola": 1, "fecha_de_cola": "2022-05-08", "consumo_medico": "0.00", "estado_cola_medica": "1", "fase_cola_medica": "2"}}, {"model": "modulo_expediente.contieneconsulta", "pk": 62, "fields": {"expediente": 5, "consulta": 9, "numero_cola": 6, "fecha_de_cola": "2022-05-10", "consumo_medico": "0.00", "estado_cola_medica": "1", "fase_cola_medica": "2"}}, {"model": "modulo_expediente.contieneconsulta", "pk": 63, "fields": {"expediente": 6, "consulta": 10, "numero_cola": 7, "fecha_de_cola": "2022-05-07", "consumo_medico": "0.00", "estado_cola_medica": "1", "fase_cola_medica": "2"}}, {"model": "modulo_expediente.contieneconsulta", "pk": 64, "fields": {"expediente": 2, "consulta": null, "numero_cola": 1, "fecha_de_cola": "2022-05-09", "consumo_medico": "0.00", "estado_cola_medica": "1", "fase_cola_medica": "2"}}, {"model": "modulo_expediente.contieneconsulta", "pk": 66, "fields": {"expediente": 1, "consulta": 11, "numero_cola": 1, "fecha_de_cola": "2022-05-10", "consumo_medico": "0.00", "estado_cola_medica": "1", "fase_cola_medica": "2"}}, {"model": "modulo_expediente.contieneconsulta", "pk": 67, "fields": {"expediente": 4, "consulta": 12, "numero_cola": 2, "fecha_de_cola": "2022-05-10", "consumo_medico": "0.00", "estado_cola_medica": "1", "fase_cola_medica": "2"}}, {"model": "modulo_expediente.contieneconsulta", "pk": 68, "fields": {"expediente": 3, "consulta": 13, "numero_cola": 3, "fecha_de_cola": "2022-05-10", "consumo_medico": "0.00", "estado_cola_medica": "1", "fase_cola_medica": "3"}}, {"model": "modulo_expediente.contieneconsulta", "pk": 69, "fields": {"expediente": 2, "consulta": 14, "numero_cola": 4, "fecha_de_cola": "2022-05-10", "consumo_medico": "0.00", "estado_cola_medica": "1", "fase_cola_medica": "2"}}, {"model": "modulo_expediente.contieneconsulta", "pk": 70, "fields": {"expediente": 7, "consulta": 15, "numero_cola": 5, "fecha_de_cola": "2022-05-10", "consumo_medico": "0.00", "estado_cola_medica": "1", "fase_cola_medica": "4"}}, {"model": "modulo_expediente.contieneconsulta", "pk": 71, "fields": {"expediente": 8, "consulta": 16, "numero_cola": 6, "fecha_de_cola": "2022-05-10", "consumo_medico": "0.00", "estado_cola_medica": "1", "fase_cola_medica": "1"}}, {"model": "modulo_expediente.contieneconsulta", "pk": 72, "fields": {"expediente": 9, "consulta": 17, "numero_cola": 7, "fecha_de_cola": "2022-05-10", "consumo_medico": "0.00", "estado_cola_medica": "1", "fase_cola_medica": "2"}}, {"model": "modulo_expediente.contieneconsulta", "pk": 74, "fields": {"expediente": 10, "consulta": 19, "numero_cola": 8, "fecha_de_cola": "2022-05-10", "consumo_medico": "0.00", "estado_cola_medica": "1", "fase_cola_medica": "2"}}, {"model": "modulo_expediente.contieneconsulta", "pk": 75, "fields": {"expediente": 1, "consulta": 20, "numero_cola": 1, "fecha_de_cola": "2022-05-12", "consumo_medico": "0.00", "estado_cola_medica": "1", "fase_cola_medica": "2"}}, {"model": "modulo_expediente.signosvitales", "pk": 1, "fields": {"enfermera": 123, "unidad_temperatura": "2", "unidad_peso": "3", "unidad_presion_arterial_diastolica": "4", "unidad_presion_arterial_sistolica": "5", "unidad_frecuencia_cardiaca": "6", "unidad_saturacion_oxigeno": "7", "valor_temperatura": "36.00", "valor_peso": "45.00", "valor_presion_arterial_diastolica": 2, "valor_presion_arterial_sistolica": 3, "valor_frecuencia_cardiaca": 3, "valor_saturacion_oxigeno": 3}}, {"model": "modulo_expediente.signosvitales", "pk": 2, "fields": {"enfermera": 123, "unidad_temperatura": "3", "unidad_peso": "3", "unidad_presion_arterial_diastolica": "5", "unidad_presion_arterial_sistolica": "2", "unidad_frecuencia_cardiaca": "2", "unidad_saturacion_oxigeno": "1", "valor_temperatura": "4.00", "valor_peso": "4.00", "valor_presion_arterial_diastolica": 5, "valor_presion_arterial_sistolica": 5, "valor_frecuencia_cardiaca": 3, "valor_saturacion_oxigeno": 3}}, {"model": "modulo_expediente.signosvitales", "pk": 3, "fields": {"enfermera": 123, "unidad_temperatura": "4", "unidad_peso": "3", "unidad_presion_arterial_diastolica": "4", "unidad_presion_arterial_sistolica": "2", "unidad_frecuencia_cardiaca": "3", "unidad_saturacion_oxigeno": "1", "valor_temperatura": "36.00", "valor_peso": "60.00", "valor_presion_arterial_diastolica": 4, "valor_presion_arterial_sistolica": 4, "valor_frecuencia_cardiaca": 2, "valor_saturacion_oxigeno": 2}}, {"model": "modulo_expediente.signosvitales", "pk": 4, "fields": {"enfermera": 10, "unidad_temperatura": "F", "unidad_peso": "Lbs", "unidad_presion_arterial_diastolica": "", "unidad_presion_arterial_sistolica": "", "unidad_frecuencia_cardiaca": "", "unidad_saturacion_oxigeno": "", "valor_temperatura": "1.00", "valor_peso": "45.00", "valor_presion_arterial_diastolica": 1, "valor_presion_arterial_sistolica": 1, "valor_frecuencia_cardiaca": 1, "valor_saturacion_oxigeno": 1}}, {"model": "modulo_expediente.signosvitales", "pk": 5, "fields": {"enfermera": 11, "unidad_temperatura": "F", "unidad_peso": "Lbs", "unidad_presion_arterial_diastolica": "", "unidad_presion_arterial_sistolica": "", "unidad_frecuencia_cardiaca": "", "unidad_saturacion_oxigeno": "", "valor_temperatura": "1.00", "valor_peso": "45.00", "valor_presion_arterial_diastolica": 1, "valor_presion_arterial_sistolica": 1, "valor_frecuencia_cardiaca": 1, "valor_saturacion_oxigeno": 1}}, {"model": "modulo_expediente.signosvitales", "pk": 6, "fields": {"enfermera": 12, "unidad_temperatura": "F", "unidad_peso": "Lbs", "unidad_presion_arterial_diastolica": "", "unidad_presion_arterial_sistolica": "", "unidad_frecuencia_cardiaca": "", "unidad_saturacion_oxigeno": "", "valor_temperatura": "1.00", "valor_peso": "45.00", "valor_presion_arterial_diastolica": 1, "valor_presion_arterial_sistolica": 1, "valor_frecuencia_cardiaca": 1, "valor_saturacion_oxigeno": 1}}, {"model": "modulo_expediente.signosvitales", "pk": 7, "fields": {"enfermera": 13, "unidad_temperatura": "F", "unidad_peso": "Lbs", "unidad_presion_arterial_diastolica": "", "unidad_presion_arterial_sistolica": "", "unidad_frecuencia_cardiaca": "", "unidad_saturacion_oxigeno": "", "valor_temperatura": "1.00", "valor_peso": "45.00", "valor_presion_arterial_diastolica": 1, "valor_presion_arterial_sistolica": 1, "valor_frecuencia_cardiaca": 1, "valor_saturacion_oxigeno": 1}}, {"model": "modulo_expediente.signosvitales", "pk": 8, "fields": {"enfermera": 14, "unidad_temperatura": "F", "unidad_peso": "Lbs", "unidad_presion_arterial_diastolica": "", "unidad_presion_arterial_sistolica": "", "unidad_frecuencia_cardiaca": "", "unidad_saturacion_oxigeno": "", "valor_temperatura": "1.00", "valor_peso": "45.00", "valor_presion_arterial_diastolica": 1, "valor_presion_arterial_sistolica": 1, "valor_frecuencia_cardiaca": 1, "valor_saturacion_oxigeno": 1}}, {"model": "modulo_expediente.signosvitales", "pk": 9, "fields": {"enfermera": 15, "unidad_temperatura": "F", "unidad_peso": "Lbs", "unidad_presion_arterial_diastolica": "", "unidad_presion_arterial_sistolica": "", "unidad_frecuencia_cardiaca": "", "unidad_saturacion_oxigeno": "", "valor_temperatura": "1.00", "valor_peso": "45.00", "valor_presion_arterial_diastolica": 1, "valor_presion_arterial_sistolica": 1, "valor_frecuencia_cardiaca": 1, "valor_saturacion_oxigeno": 1}}, {"model": "modulo_expediente.signosvitales", "pk": 10, "fields": {"enfermera": 16, "unidad_temperatura": "F", "unidad_peso": "Lbs", "unidad_presion_arterial_diastolica": "", "unidad_presion_arterial_sistolica": "", "unidad_frecuencia_cardiaca": "", "unidad_saturacion_oxigeno": "", "valor_temperatura": "1.00", "valor_peso": "45.00", "valor_presion_arterial_diastolica": 1, "valor_presion_arterial_sistolica": 1, "valor_frecuencia_cardiaca": 1, "valor_saturacion_oxigeno": 1}}, {"model": "modulo_expediente.signosvitales", "pk": 12, "fields": {"enfermera": 17, "unidad_temperatura": "2", "unidad_peso": "1", "unidad_presion_arterial_diastolica": "mmHH", "unidad_presion_arterial_sistolica": "mmHH", "unidad_frecuencia_cardiaca": "PPM", "unidad_saturacion_oxigeno": "%", "valor_temperatura": null, "valor_peso": null, "valor_presion_arterial_diastolica": null, "valor_presion_arterial_sistolica": null, "valor_frecuencia_cardiaca": null, "valor_saturacion_oxigeno": null}}, {"model": "modulo_expediente.signosvitales", "pk": 13, "fields": {"enfermera": 3, "unidad_temperatura": "", "unidad_peso": "", "unidad_presion_arterial_diastolica": "mmHH", "unidad_presion_arterial_sistolica": "mmHH", "unidad_frecuencia_cardiaca": "PPM", "unidad_saturacion_oxigeno": "%", "valor_temperatura": null, "valor_peso": null, "valor_presion_arterial_diastolica": null, "valor_presion_arterial_sistolica": null, "valor_frecuencia_cardiaca": null, "valor_saturacion_oxigeno": null}}, {"model": "modulo_expediente.signosvitales", "pk": 14, "fields": {"enfermera": 1, "unidad_temperatura": "", "unidad_peso": "", "unidad_presion_arterial_diastolica": "mmHH", "unidad_presion_arterial_sistolica": "mmHH", "unidad_frecuencia_cardiaca": "PPM", "unidad_saturacion_oxigeno": "%", "valor_temperatura": null, "valor_peso": null, "valor_presion_arterial_diastolica": null, "valor_presion_arterial_sistolica": null, "valor_frecuencia_cardiaca": null, "valor_saturacion_oxigeno": null}}, {"model": "modulo_expediente.signosvitales", "pk": 15, "fields": {"enfermera": 1, "unidad_temperatura": "2", "unidad_peso": "1", "unidad_presion_arterial_diastolica": "mmHH", "unidad_presion_arterial_sistolica": "mmHH", "unidad_frecuencia_cardiaca": "PPM", "unidad_saturacion_oxigeno": "%", "valor_temperatura": null, "valor_peso": null, "valor_presion_arterial_diastolica": null, "valor_presion_arterial_sistolica": null, "valor_frecuencia_cardiaca": null, "valor_saturacion_oxigeno": null}}, {"model": "modulo_expediente.signosvitales", "pk": 16, "fields": {"enfermera": 1, "unidad_temperatura": "2", "unidad_peso": "1", "unidad_presion_arterial_diastolica": "mmHH", "unidad_presion_arterial_sistolica": "mmHH", "unidad_frecuencia_cardiaca": "PPM", "unidad_saturacion_oxigeno": "%", "valor_temperatura": null, "valor_peso": null, "valor_presion_arterial_diastolica": null, "valor_presion_arterial_sistolica": null, "valor_frecuencia_cardiaca": null, "valor_saturacion_oxigeno": null}}, {"model": "modulo_expediente.signosvitales", "pk": 17, "fields": {"enfermera": 1, "unidad_temperatura": "2", "unidad_peso": "1", "unidad_presion_arterial_diastolica": "mmHH", "unidad_presion_arterial_sistolica": "mmHH", "unidad_frecuencia_cardiaca": "PPM", "unidad_saturacion_oxigeno": "%", "valor_temperatura": null, "valor_peso": null, "valor_presion_arterial_diastolica": null, "valor_presion_arterial_sistolica": null, "valor_frecuencia_cardiaca": null, "valor_saturacion_oxigeno": null}}, {"model": "modulo_expediente.signosvitales", "pk": 18, "fields": {"enfermera": 1, "unidad_temperatura": "2", "unidad_peso": "1", "unidad_presion_arterial_diastolica": "mmHH", "unidad_presion_arterial_sistolica": "mmHH", "unidad_frecuencia_cardiaca": "PPM", "unidad_saturacion_oxigeno": "%", "valor_temperatura": null, "valor_peso": null, "valor_presion_arterial_diastolica": null, "valor_presion_arterial_sistolica": null, "valor_frecuencia_cardiaca": null, "valor_saturacion_oxigeno": null}}, {"model": "modulo_expediente.signosvitales", "pk": 19, "fields": {"enfermera": 1, "unidad_temperatura": "2", "unidad_peso": "1", "unidad_presion_arterial_diastolica": "mmHH", "unidad_presion_arterial_sistolica": "mmHH", "unidad_frecuencia_cardiaca": "PPM", "unidad_saturacion_oxigeno": "%", "valor_temperatura": null, "valor_peso": null, "valor_presion_arterial_diastolica": null, "valor_presion_arterial_sistolica": null, "valor_frecuencia_cardiaca": null, "valor_saturacion_oxigeno": null}}, {"model": "modulo_expediente.consulta", "pk": 1, "fields": {"constancia_medica": 1, "signos_vitales": 1, "examen_de_laboratorio": 1, "diagnostico": "prueba", "sintoma": "prueba"}}, {"model": "modulo_expediente.consulta", "pk": 2, "fields": {"constancia_medica": 2, "signos_vitales": 2, "examen_de_laboratorio": 2, "diagnostico": "prueba", "sintoma": "tos"}}, {"model": "modulo_expediente.consulta", "pk": 7, "fields": {"constancia_medica": 3, "signos_vitales": 3, "examen_de_laboratorio": 3, "diagnostico": "", "sintoma": ""}}, {"model": "modulo_expediente.consulta", "pk": 8, "fields": {"constancia_medica": null, "signos_vitales": 4, "examen_de_laboratorio": null, "diagnostico": "", "sintoma": ""}}, {"model": "modulo_expediente.consulta", "pk": 9, "fields": {"constancia_medica": null, "signos_vitales": 5, "examen_de_laboratorio": null, "diagnostico": "", "sintoma": ""}}, {"model": "modulo_expediente.consulta", "pk": 10, "fields": {"constancia_medica": null, "signos_vitales": 6, "examen_de_laboratorio": null, "diagnostico": "", "sintoma": ""}}, {"model": "modulo_expediente.consulta", "pk": 11, "fields": {"constancia_medica": null, "signos_vitales": 7, "examen_de_laboratorio": null, "diagnostico": "", "sintoma": ""}}, {"model": "modulo_expediente.consulta", "pk": 12, "fields": {"constancia_medica": null, "signos_vitales": 8, "examen_de_laboratorio": null, "diagnostico": "", "sintoma": ""}}, {"model": "modulo_expediente.consulta", "pk": 13, "fields": {"constancia_medica": null, "signos_vitales": 9, "examen_de_laboratorio": null, "diagnostico": "", "sintoma": ""}}, {"model": "modulo_expediente.consulta", "pk": 14, "fields": {"constancia_medica": null, "signos_vitales": 10, "examen_de_laboratorio": null, "diagnostico": "", "sintoma": ""}}, {"model": "modulo_expediente.consulta", "pk": 15, "fields": {"constancia_medica": null, "signos_vitales": 12, "examen_de_laboratorio": null, "diagnostico": "", "sintoma": ""}}, {"model": "modulo_expediente.consulta", "pk": 16, "fields": {"constancia_medica": null, "signos_vitales": 15, "examen_de_laboratorio": null, "diagnostico": "", "sintoma": ""}}, {"model": "modulo_expediente.consulta", "pk": 17, "fields": {"constancia_medica": null, "signos_vitales": 16, "examen_de_laboratorio": null, "diagnostico": "", "sintoma": ""}}, {"model": "modulo_expediente.consulta", "pk": 18, "fields": {"constancia_medica": null, "signos_vitales": 17, "examen_de_laboratorio": null, "diagnostico": "", "sintoma": ""}}, {"model": "modulo_expediente.consulta", "pk": 19, "fields": {"constancia_medica": null, "signos_vitales": 18, "examen_de_laboratorio": null, "diagnostico": "", "sintoma": ""}}, {"model": "modulo_expediente.consulta", "pk": 20, "fields": {"constancia_medica": null, "signos_vitales": 19, "examen_de_laboratorio": null, "diagnostico": "", "sintoma": ""}}, {"model": "modulo_expediente.ordenexamenlaboratorio", "pk": 1, "fields": {"fecha_programada": "2022-04-05", "examen_de_laboratorio": 1}}, {"model": "modulo_expediente.ordenexamenlaboratorio", "pk": 2, "fields": {"fecha_programada": "2022-05-05", "examen_de_laboratorio": 2}}, {"model": "modulo_expediente.ordenexamenlaboratorio", "pk": 3, "fields": {"fecha_programada": "2022-05-07", "examen_de_laboratorio": 3}}, {"model": "modulo_expediente.constanciamedica", "pk": 1, "fields": {"fecha_de_emision": "2022-02-05", "dias_reposo": 1, "diagnostico_constancia": "prueba"}}, {"model": "modulo_expediente.constanciamedica", "pk": 2, "fields": {"fecha_de_emision": "2022-05-05", "dias_reposo": 2, "diagnostico_constancia": "prueba"}}, {"model": "modulo_expediente.constanciamedica", "pk": 3, "fields": {"fecha_de_emision": "2022-05-07", "dias_reposo": 2, "diagnostico_constancia": "prueba"}}]